match_id,league_id,home_form_pts,home_gf,home_ga,home_btts_rate,home_over25_rate,away_form_pts,away_gf,away_ga,away_btts_rate,away_over25_rate,btts,over25
381,2,1.0,1.2,1.2,0.5,0.5,1.0,1.2,1.2,0.5,0.5,1,0
382,2,1.0,1.2,1.2,0.5,0.5,1.0,1.2,1.2,0.5,0.5,1,0
383,2,1.0,1.2,1.2,0.5,0.5,1.0,1.2,1.2,0.5,0.5,1,1
1,1,1.0,1.2,1.2,0.5,0.5,1.0,1.2,1.2,0.5,0.5,0,0
384,2,1.0,1.2,1.2,0.5,0.5,1.0,1.2,1.2,0.5,0.5,1,1
2,1,1.0,1.2,1.2,0.5,0.5,1.0,1.2,1.2,0.5,0.5,0,0
4,1,1.0,1.2,1.2,0.5,0.5,1.0,1.2,1.2,0.5,0.5,0,0
3,1,1.0,1.2,1.2,0.5,0.5,1.0,1.2,1.2,0.5,0.5,0,0
6,1,1.0,1.2,1.2,0.5,0.5,1.0,1.2,1.2,0.5,0.5,1,0
5,1,1.0,1.2,1.2,0.5,0.5,1.0,1.2,1.2,0.5,0.5,0,1
7,1,1.0,1.2,1.2,0.5,0.5,1.0,1.2,1.2,0.5,0.5,1,1
761,3,1.0,1.2,1.2,0.5,0.5,1.0,1.2,1.2,0.5,0.5,1,1
762,3,1.0,1.2,1.2,0.5,0.5,1.0,1.2,1.2,0.5,0.5,1,0
385,2,1.0,1.2,1.2,0.5,0.5,1.0,1.2,1.2,0.5,0.5,1,0
764,3,1.0,1.2,1.2,0.5,0.5,1.0,1.2,1.2,0.5,0.5,0,0
763,3,1.0,1.2,1.2,0.5,0.5,1.0,1.2,1.2,0.5,0.5,1,1
386,2,1.0,1.2,1.2,0.5,0.5,1.0,1.2,1.2,0.5,0.5,1,1
8,1,1.0,1.2,1.2,0.5,0.5,1.0,1.2,1.2,0.5,0.5,1,1
9,1,1.0,1.2,1.2,0.5,0.5,1.0,1.2,1.2,0.5,0.5,0,0
766,3,1.0,1.2,1.2,0.5,0.5,1.0,1.2,1.2,0.5,0.5,0,1
765,3,1.0,1.2,1.2,0.5,0.5,1.0,1.2,1.2,0.5,0.5,1,0
387,2,1.0,1.2,1.2,0.5,0.5,1.0,1.2,1.2,0.5,0.5,1,1
768,3,1.0,1.2,1.2,0.5,0.5,1.0,1.2,1.2,0.5,0.5,0,0
767,3,1.0,1.2,1.2,0.5,0.5,1.0,1.2,1.2,0.5,0.5,1,1
388,2,1.0,1.2,1.2,0.5,0.5,1.0,1.2,1.2,0.5,0.5,1,0
769,3,1.0,1.2,1.2,0.5,0.5,1.0,1.2,1.2,0.5,0.5,0,1
389,2,1.0,1.2,1.2,0.5,0.5,1.0,1.2,1.2,0.5,0.5,0,0
770,3,1.0,1.2,1.2,0.5,0.5,1.0,1.2,1.2,0.5,0.5,0,1
10,1,1.0,1.2,1.2,0.5,0.5,1.0,1.2,1.2,0.5,0.5,1,0
390,2,1.0,1.2,1.2,0.5,0.5,1.0,1.2,1.2,0.5,0.5,1,1
391,2,3.0,2.0,1.0,1.0,1.0,0.0,1.0,2.0,1.0,1.0,1,1
392,2,1.0,2.0,2.0,1.0,1.0,1.0,2.0,2.0,1.0,1.0,1,1
11,1,3.0,3.0,0.0,0.0,1.0,3.0,1.0,0.0,0.0,0.0,1,1
12,1,0.0,0.0,1.0,0.0,0.0,1.0,1.0,1.0,1.0,0.0,1,1
14,1,1.0,1.0,1.0,1.0,0.0,0.0,0.0,3.0,0.0,1.0,0,1
15,1,3.0,2.0,0.0,0.0,0.0,0.0,0.0,2.0,0.0,0.0,1,1
16,1,0.0,1.0,2.0,1.0,1.0,0.0,1.0,2.0,1.0,1.0,0,0
13,1,0.0,0.0,1.0,0.0,0.0,1.0,1.0,1.0,1.0,0.0,0,0
393,2,1.0,1.0,1.0,1.0,0.0,1.0,1.0,1.0,1.0,0.0,0,0
17,1,3.0,2.0,1.0,1.0,1.0,3.0,2.0,0.0,0.0,0.0,0,0
772,3,1.0,1.0,1.0,1.0,0.0,1.0,2.0,2.0,1.0,1.0,1,1
771,3,1.0,1.0,1.0,1.0,0.0,3.0,3.0,1.0,1.0,1.0,1,1
394,2,3.0,2.0,1.0,1.0,1.0,1.0,1.0,1.0,1.0,0.0,1,1
774,3,1.0,0.0,0.0,0.0,0.0,1.0,2.0,2.0,1.0,1.0,0,0
773,3,1.0,2.0,2.0,1.0,1.0,0.0,0.0,4.0,0.0,1.0,0,0
396,2,1.0,1.0,1.0,1.0,0.0,3.0,2.0,1.0,1.0,1.0,0,0
395,2,0.0,0.0,1.0,0.0,0.0,0.0,1.0,2.0,1.0,1.0,0,0
19,1,0.0,0.0,2.0,0.0,0.0,0.0,0.0,2.0,0.0,0.0,1,1
18,1,1.0,1.0,1.0,1.0,0.0,3.0,1.0,0.0,0.0,0.0,1,0
397,2,1.0,1.0,1.0,1.0,0.0,3.0,1.0,0.0,0.0,0.0,0,1
20,1,3.0,2.0,0.0,0.0,0.0,3.0,2.0,1.0,1.0,1.0,0,0
776,3,1.0,2.0,2.0,1.0,1.0,3.0,4.0,0.0,0.0,1.0,1,1
775,3,1.0,1.0,1.0,1.0,0.0,0.0,1.0,3.0,1.0,1.0,0,0
398,2,1.0,1.0,1.0,1.0,0.0,1.0,2.0,2.0,1.0,1.0,1,1
399,2,0.0,1.0,2.0,1.0,1.0,1.0,1.0,1.0,1.0,0.0,0,0
778,3,1.0,0.0,0.0,0.0,0.0,1.0,0.0,0.0,0.0,0.0,1,1
777,3,0.0,0.0,3.0,0.0,1.0,1.0,1.0,1.0,1.0,0.0,0,1
400,2,1.0,2.0,2.0,1.0,1.0,1.0,1.0,1.0,1.0,0.0,0,1
779,3,1.0,0.0,0.0,0.0,0.0,0.0,0.0,3.0,0.0,1.0,1,0
780,3,3.0,3.0,0.0,0.0,1.0,3.0,3.0,0.0,0.0,1.0,0,1
401,2,2.0,2.0,1.5,1.0,1.0,3.0,2.5,1.0,1.0,1.0,1,1
402,2,0.5,0.5,1.0,0.5,0.0,0.5,1.5,2.0,1.0,1.0,0,0
403,2,2.0,1.0,0.5,0.5,0.5,3.0,2.0,1.0,1.0,1.0,1,1
405,2,1.5,0.5,1.5,0.0,0.5,2.0,1.5,1.0,1.0,0.5,0,0
404,2,0.5,1.0,1.5,1.0,0.5,0.0,1.0,2.5,1.0,1.0,0,0
407,2,1.5,1.0,1.0,0.5,0.5,0.5,0.5,1.0,0.5,0.5,1,1
406,2,2.0,2.5,1.0,0.5,1.0,0.0,0.0,1.0,0.0,0.0,0,0
408,2,0.5,0.5,2.0,0.5,0.5,2.0,1.0,0.5,0.5,0.0,0,1
409,2,0.5,1.5,2.0,1.0,1.0,2.0,2.0,0.5,0.5,0.5,1,0
781,3,0.5,0.5,1.5,0.5,0.5,2.0,2.0,1.5,1.0,1.0,0,0
782,3,2.0,2.0,1.0,0.5,0.5,1.5,2.5,1.0,0.5,1.0,0,1
21,1,3.0,2.0,0.0,0.0,0.0,3.0,2.5,0.5,0.5,1.0,1,0
24,1,1.5,1.0,1.5,0.5,0.5,0.0,0.0,1.0,0.0,0.0,1,1
22,1,0.0,0.0,3.5,0.0,1.0,1.0,1.0,1.0,1.0,0.0,1,1
23,1,0.5,1.0,1.5,1.0,0.5,1.5,1.0,1.5,0.5,0.5,1,1
26,1,2.0,1.0,0.5,0.5,0.0,0.0,1.0,4.0,0.5,0.5,1,0
25,1,0.0,0.5,3.0,0.5,0.5,1.5,1.0,1.0,0.5,0.5,1,0
410,2,3.0,2.0,1.0,1.0,1.0,1.3333333333333333,0.3333333333333333,1.0,0.0,0.3333333333333333,0,1
27,1,1.5,1.5,1.0,0.5,0.5,3.0,3.0,0.5,0.5,0.5,1,1
783,3,0.5,0.5,2.0,0.5,0.5,2.0,1.0,0.5,0.5,0.5,1,0
784,3,0.0,0.0,3.0,0.0,0.5,1.0,0.5,0.5,0.5,0.0,0,0
411,2,1.3333333333333333,1.0,1.0,0.6666666666666666,0.3333333333333333,1.6666666666666667,1.6666666666666667,0.6666666666666666,0.3333333333333333,0.6666666666666666,0,0
412,2,0.3333333333333333,0.0,0.6666666666666666,0.0,0.0,1.3333333333333333,1.0,1.0,0.6666666666666666,0.6666666666666666,1,1
785,3,1.5,2.0,1.5,1.0,1.0,0.5,1.5,2.0,1.0,1.0,1,1
786,3,1.5,1.5,1.5,0.0,1.0,2.0,1.5,1.0,1.0,0.5,1,1
414,2,1.6666666666666667,1.0,0.6666666666666666,0.6666666666666666,0.3333333333333333,0.6666666666666666,0.3333333333333333,0.6666666666666666,0.3333333333333333,0.0,0,0
413,2,0.0,0.6666666666666666,2.0,0.6666666666666666,0.6666666666666666,2.3333333333333335,2.6666666666666665,2.0,1.0,1.0,1,0
29,1,1.5,3.0,2.0,0.5,0.5,0.0,0.5,2.0,0.5,0.5,1,0
28,1,2.0,1.0,0.5,0.5,0.0,2.0,2.5,0.5,0.5,0.5,1,1
30,1,1.5,1.0,1.0,0.5,0.5,3.0,2.0,0.0,0.0,0.0,0,1
415,2,1.3333333333333333,1.0,1.0,0.6666666666666666,0.6666666666666666,0.6666666666666666,1.3333333333333333,1.6666666666666667,1.0,0.6666666666666666,0,0
416,2,1.3333333333333333,0.6666666666666666,1.6666666666666667,0.3333333333333333,0.3333333333333333,2.0,2.6666666666666665,2.0,1.0,1.0,1,1
787,3,2.0,1.5,1.0,0.5,0.5,1.5,1.5,1.5,0.0,1.0,0,0
788,3,1.0,0.5,0.5,0.5,0.0,0.5,0.0,0.5,0.0,0.0,1,1
417,2,0.6666666666666666,1.0,1.3333333333333333,0.6666666666666666,0.6666666666666666,1.3333333333333333,1.6666666666666667,1.3333333333333333,0.3333333333333333,0.6666666666666666,0,0
418,2,1.0,0.5,0.5,0.5,0.0,1.0,1.0,1.3333333333333333,0.6666666666666666,0.6666666666666666,0,0
790,3,3.0,3.0,0.0,0.0,1.0,0.5,0.5,1.0,0.5,0.5,0,0
789,3,2.0,1.5,1.0,1.0,0.5,0.5,0.5,2.0,0.5,0.5,0,0
419,2,1.6666666666666667,1.6666666666666667,0.6666666666666666,0.6666666666666666,0.3333333333333333,1.0,0.5,0.5,0.5,0.0,0,0
420,2,0.6666666666666666,0.3333333333333333,1.0,0.3333333333333333,0.0,1.25,0.75,0.75,0.5,0.25,0,0
31,1,0.0,0.3333333333333333,1.6666666666666667,0.3333333333333333,0.3333333333333333,1.0,0.6666666666666666,1.6666666666666667,0.3333333333333333,0.6666666666666666,0,1
421,2,1.25,0.5,0.5,0.25,0.0,2.0,2.25,1.75,1.0,0.75,1,1
791,3,0.3333333333333333,0.3333333333333333,1.6666666666666667,0.3333333333333333,0.3333333333333333,0.6666666666666666,0.6666666666666666,1.6666666666666667,0.6666666666666666,0.3333333333333333,1,1
32,1,1.3333333333333333,1.0,1.0,0.6666666666666666,0.3333333333333333,1.0,1.3333333333333333,1.6666666666666667,0.6666666666666666,0.6666666666666666,1,0
36,1,0.3333333333333333,0.6666666666666666,1.6666666666666667,0.6666666666666666,0.3333333333333333,0.3333333333333333,1.0,1.6666666666666667,1.0,0.6666666666666666,1,1
35,1,2.3333333333333335,2.0,0.6666666666666666,0.6666666666666666,0.6666666666666666,0.3333333333333333,0.6666666666666666,2.3333333333333335,0.6666666666666666,0.3333333333333333,0,0
34,1,3.0,3.0,0.6666666666666666,0.6666666666666666,0.6666666666666666,2.0,1.6666666666666667,1.3333333333333333,0.6666666666666666,0.6666666666666666,1,1
33,1,3.0,2.3333333333333335,0.0,0.0,0.3333333333333333,1.6666666666666667,1.0,0.6666666666666666,0.6666666666666666,0.0,0,0
422,2,1.0,0.5,0.75,0.25,0.25,1.75,1.25,0.75,0.5,0.5,1,1
792,3,1.6666666666666667,1.0,0.6666666666666666,0.6666666666666666,0.3333333333333333,2.3333333333333335,2.0,0.0,0.0,0.6666666666666666,0,0
37,1,2.0,1.3333333333333333,1.3333333333333333,0.6666666666666666,0.6666666666666666,0.0,0.6666666666666666,3.3333333333333335,0.3333333333333333,1.0,1,1
423,2,0.5,0.75,1.5,0.5,0.5,1.0,0.3333333333333333,0.3333333333333333,0.3333333333333333,0.0,0,0
793,3,0.6666666666666666,1.6666666666666667,2.0,1.0,1.0,0.3333333333333333,0.3333333333333333,1.3333333333333333,0.3333333333333333,0.3333333333333333,0,1
424,2,1.0,0.75,1.0,0.5,0.5,2.0,1.75,0.5,0.5,0.25,0,0
38,1,1.6666666666666667,1.6666666666666667,1.3333333333333333,1.0,0.3333333333333333,1.3333333333333333,2.3333333333333335,1.6666666666666667,0.6666666666666666,0.3333333333333333,0,0
794,3,1.3333333333333333,1.0,1.3333333333333333,0.3333333333333333,0.3333333333333333,0.6666666666666666,0.3333333333333333,0.6666666666666666,0.3333333333333333,0.3333333333333333,1,0
425,2,1.5,2.5,2.25,1.0,1.0,1.0,0.25,2.5,0.0,0.5,1,1
795,3,1.0,1.6666666666666667,2.0,0.3333333333333333,1.0,1.0,1.0,1.0,0.6666666666666666,0.3333333333333333,1,1
39,1,1.3333333333333333,2.0,1.0,0.6666666666666666,0.6666666666666666,2.3333333333333335,1.6666666666666667,0.3333333333333333,0.3333333333333333,0.0,0,0
796,3,2.3333333333333335,1.6666666666666667,1.0,0.6666666666666666,0.6666666666666666,1.0,0.3333333333333333,2.0,0.0,0.3333333333333333,0,0
426,2,1.75,1.75,1.0,0.25,0.5,3.0,3.25,0.75,0.75,1.0,1,1
40,1,0.3333333333333333,1.0,3.0,0.6666666666666666,0.3333333333333333,2.3333333333333335,1.3333333333333333,0.6666666666666666,0.6666666666666666,0.3333333333333333,1,1
797,3,0.6666666666666666,0.3333333333333333,0.6666666666666666,0.3333333333333333,0.0,2.0,1.6666666666666667,1.3333333333333333,0.3333333333333333,1.0,0,1
427,2,0.5,1.0,1.75,0.75,0.5,1.0,0.75,1.0,0.5,0.25,1,1
798,3,0.6666666666666666,0.6666666666666666,1.0,0.3333333333333333,0.3333333333333333,2.3333333333333335,2.6666666666666665,0.6666666666666666,0.3333333333333333,0.6666666666666666,1,0
428,2,2.0,1.5,0.5,0.25,0.5,0.25,0.75,1.75,0.75,0.5,0,1
799,3,1.3333333333333333,1.3333333333333333,1.3333333333333333,1.0,0.6666666666666666,2.3333333333333335,1.3333333333333333,0.6666666666666666,0.6666666666666666,0.3333333333333333,1,1
800,3,1.3333333333333333,2.0,1.6666666666666667,1.0,1.0,2.0,1.6666666666666667,1.0,0.0,0.6666666666666666,1,1
429,2,1.0,1.0,1.25,0.75,0.75,1.75,1.25,1.75,0.5,0.5,1,1
430,2,1.0,0.6,0.8,0.4,0.2,0.8,0.6,1.2,0.4,0.4,0,0
431,2,1.25,0.75,0.75,0.25,0.0,0.75,0.25,0.5,0.25,0.0,1,1
432,2,1.0,0.6,1.0,0.4,0.2,1.4,1.2,1.2,0.6,0.4,0,0
801,3,0.5,0.25,1.5,0.25,0.25,1.5,0.75,0.5,0.5,0.25,0,0
802,3,1.5,1.5,1.25,0.25,0.75,2.0,1.25,0.75,0.5,0.5,1,1
433,2,1.4,1.4,1.2,0.6,0.6,1.0,0.8,1.2,0.4,0.4,1,1
41,1,1.0,1.25,1.5,0.75,0.5,1.75,2.0,1.25,0.5,0.25,0,1
434,2,0.8,0.4,2.6,0.2,0.6,0.6666666666666666,0.5,1.1666666666666667,0.3333333333333333,0.3333333333333333,0,0
803,3,0.25,0.25,2.0,0.25,0.5,1.25,1.0,1.25,0.5,0.25,0,0
47,1,2.25,1.75,1.5,0.75,0.75,0.25,1.0,2.75,0.75,0.5,1,1
46,1,1.0,1.5,1.0,0.5,0.5,1.5,1.5,1.5,0.75,0.75,1,1
45,1,0.5,1.25,1.75,1.0,0.75,0.0,1.0,3.25,0.5,1.0,1,0
44,1,0.0,0.25,2.0,0.25,0.5,0.5,0.5,1.75,0.5,0.25,1,0
43,1,2.25,1.75,0.25,0.0,0.25,1.25,1.25,1.25,0.75,0.25,0,1
42,1,1.25,1.0,1.0,0.75,0.25,2.5,1.5,0.75,0.75,0.5,1,1
435,2,1.4,1.2,2.0,0.6,0.6,0.4,1.2,2.0,0.8,0.6,1,1
804,3,2.0,1.5,0.0,0.0,0.5,2.25,2.25,1.0,0.25,1.0,0,0
48,1,0.5,1.0,1.75,0.75,0.5,1.5,1.25,1.25,0.25,0.75,0,0
436,2,0.2,0.6,2.0,0.6,0.6,1.4,1.6,1.6,0.4,0.6,0,0
805,3,1.0,0.25,1.5,0.0,0.25,1.0,1.5,1.75,1.0,0.75,1,1
437,2,2.2,1.8,0.4,0.4,0.2,1.4,1.0,1.0,0.4,0.4,1,1
806,3,0.75,1.25,1.5,0.75,0.5,1.75,2.0,1.5,1.0,1.0,1,1
438,2,0.6,0.4,0.8,0.4,0.2,0.8333333333333334,0.5,1.1666666666666667,0.3333333333333333,0.16666666666666666,1,0
49,1,2.0,1.5,0.5,0.5,0.5,2.0,1.0,0.5,0.5,0.0,1,1
807,3,0.75,0.75,1.0,0.5,0.25,0.75,1.0,1.75,0.75,0.5,1,1
439,2,1.6666666666666667,1.3333333333333333,1.0,0.5,0.3333333333333333,1.8,2.6,2.0,1.0,1.0,1,1
50,1,3.0,2.75,0.75,0.75,0.75,2.5,1.5,0.25,0.25,0.0,1,1
808,3,0.75,0.5,0.75,0.5,0.25,2.5,1.75,1.0,0.75,0.5,0,1
440,2,2.2,2.2,1.6,1.0,0.8,3.0,3.4,0.8,0.8,1.0,1,1
809,3,2.0,2.25,0.75,0.5,0.5,1.25,2.25,1.5,0.75,1.0,1,1
441,2,1.4,1.4,1.2,0.8,0.8,2.2,1.8,0.4,0.2,0.6,1,0
442,2,1.6,1.0,0.8,0.4,0.2,1.3333333333333333,0.6666666666666666,0.6666666666666666,0.3333333333333333,0.16666666666666666,1,1
443,2,0.6666666666666666,0.8333333333333334,1.6666666666666667,0.5,0.5,1.6666666666666667,1.3333333333333333,1.8333333333333333,0.6666666666666666,0.6666666666666666,0,0
444,2,0.8333333333333334,0.8333333333333334,1.3333333333333333,0.5,0.5,0.8333333333333334,0.3333333333333333,2.1666666666666665,0.16666666666666666,0.5,1,1
810,3,1.5,2.0,2.0,0.5,1.0,0.5,0.75,1.75,0.5,0.5,1,1
445,2,2.3333333333333335,2.1666666666666665,0.5,0.5,0.3333333333333333,1.6666666666666667,1.5,1.1666666666666667,0.6666666666666666,0.6666666666666666,1,1
446,2,1.1666666666666667,1.3333333333333333,1.6666666666666667,0.3333333333333333,0.5,1.3333333333333333,1.3333333333333333,1.1666666666666667,0.8333333333333334,0.6666666666666666,0,0
447,2,3.0,3.6666666666666665,0.8333333333333334,0.8333333333333334,1.0,0.6666666666666666,0.5,0.8333333333333334,0.5,0.16666666666666666,0,0
449,2,1.1666666666666667,1.0,1.5,0.5,0.5,1.8333333333333333,2.0,2.1666666666666665,1.0,0.8333333333333334,1,1
448,2,0.3333333333333333,1.1666666666666667,2.0,0.8333333333333334,0.6666666666666666,1.3333333333333333,1.0,1.0,0.5,0.3333333333333333,1,0
450,2,1.5,2.3333333333333335,2.1666666666666665,1.0,1.0,2.0,1.6666666666666667,0.5,0.3333333333333333,0.5,0,0
811,3,1.6,2.2,1.4,0.8,1.0,1.0,0.6,1.6,0.2,0.4,0,1
451,2,0.7142857142857143,0.42857142857142855,2.142857142857143,0.2857142857142857,0.5714285714285714,1.5714285714285714,0.8571428571428571,0.7142857142857143,0.42857142857142855,0.2857142857142857,1,1
51,1,2.0,1.4,1.2,0.8,0.6,2.6,2.6,1.0,0.8,0.8,1,0
452,2,0.5714285714285714,0.42857142857142855,0.8571428571428571,0.42857142857142855,0.14285714285714285,1.4285714285714286,1.5714285714285714,1.4285714285714286,0.7142857142857143,0.7142857142857143,0,0
812,3,2.0,1.4,1.4,0.6,0.6,1.6,2.0,1.0,0.6,0.6,1,1
52,1,2.2,1.6,0.6,0.4,0.2,0.6,1.2,1.6,1.0,0.6,1,1
54,1,2.0,2.2,1.0,0.4,0.4,1.8,1.6,0.8,0.6,0.6,1,1
55,1,1.2,1.4,1.8,0.8,0.8,0.8,1.0,1.8,0.6,0.6,1,0
53,1,0.2,1.0,2.8,0.6,0.8,0.6,0.8,1.4,0.6,0.4,1,1
56,1,1.8,1.2,0.8,0.6,0.2,1.6,1.4,1.0,0.8,0.4,0,0
453,2,1.2857142857142858,1.1428571428571428,1.0,0.7142857142857143,0.5714285714285714,0.8571428571428571,0.5714285714285714,1.1428571428571428,0.42857142857142855,0.14285714285714285,1,0
813,3,1.0,0.8,1.4,0.4,0.2,1.8,1.2,0.0,0.0,0.4,0,1
454,2,0.7142857142857143,0.42857142857142855,1.0,0.2857142857142857,0.2857142857142857,0.7142857142857143,0.7142857142857143,1.4285714285714286,0.42857142857142855,0.42857142857142855,0,1
57,1,0.2,1.0,2.8,0.8,0.6,2.4,2.0,0.2,0.0,0.4,1,1
814,3,1.2,1.2,1.6,0.8,0.6,1.2,2.0,2.2,0.6,1.0,1,0
455,2,1.5714285714285714,1.1428571428571428,1.5714285714285714,0.5714285714285714,0.5714285714285714,3.0,3.2857142857142856,0.7142857142857143,0.7142857142857143,0.8571428571428571,1,1
815,3,2.2,1.6,1.0,0.6,0.6,1.4,1.8,1.6,1.0,1.0,1,1
456,2,1.2857142857142858,2.0,2.0,0.8571428571428571,0.8571428571428571,1.1428571428571428,1.1428571428571428,1.4285714285714286,0.2857142857142857,0.42857142857142855,1,0
817,3,1.0,1.2,1.8,0.6,0.6,1.2,1.6,1.6,0.4,0.8,1,1
58,1,0.6,0.6,1.6,0.6,0.2,2.4,2.0,1.4,0.8,0.8,1,1
816,3,1.2,1.0,0.6,0.4,0.4,0.8,0.6,1.6,0.2,0.4,1,1
457,2,1.8571428571428572,1.5714285714285714,1.0,0.5714285714285714,0.42857142857142855,1.1428571428571428,1.0,1.2857142857142858,0.5714285714285714,0.5714285714285714,1,0
59,1,1.4,1.0,1.0,0.2,0.6,1.4,1.8,1.0,0.6,0.6,0,1
818,3,1.8,1.0,0.4,0.4,0.2,1.2,1.4,1.4,0.8,0.6,0,0
458,2,1.2857142857142858,1.0,1.0,0.5714285714285714,0.2857142857142857,1.0,1.0,1.5714285714285714,0.5714285714285714,0.5714285714285714,0,0
819,3,2.0,1.8,0.8,0.2,0.8,0.6,0.8,1.2,0.6,0.4,0,0
459,2,2.142857142857143,1.5714285714285714,0.42857142857142855,0.2857142857142857,0.42857142857142855,2.4285714285714284,2.2857142857142856,0.7142857142857143,0.5714285714285714,0.42857142857142855,1,0
820,3,1.0,1.6,1.8,1.0,0.8,0.4,0.2,1.6,0.2,0.2,1,1
60,1,1.0,1.0,1.6,0.6,0.4,0.2,0.4,1.8,0.4,0.4,1,1
460,2,2.0,2.0,2.0,1.0,0.8571428571428571,0.42857142857142855,1.1428571428571428,1.8571428571428572,0.8571428571428571,0.5714285714285714,1,1
821,3,2.1666666666666665,1.8333333333333333,0.6666666666666666,0.16666666666666666,0.6666666666666666,1.3333333333333333,1.5,1.8333333333333333,0.6666666666666666,0.6666666666666666,1,1
822,3,1.0,1.6666666666666667,1.8333333333333333,0.5,0.8333333333333334,0.6666666666666666,0.6666666666666666,1.6666666666666667,0.3333333333333333,0.5,1,1
461,2,0.875,0.625,1.125,0.5,0.125,0.625,0.625,1.625,0.375,0.5,0,0
61,1,0.5,0.8333333333333334,1.5,0.6666666666666666,0.5,2.5,2.0,0.3333333333333333,0.16666666666666666,0.5,0,0
462,2,0.875,0.875,1.5,0.5,0.5,1.75,1.0,0.75,0.5,0.375,1,1
823,3,1.6666666666666667,1.5,1.6666666666666667,0.6666666666666666,0.6666666666666666,0.8333333333333334,0.5,1.8333333333333333,0.16666666666666666,0.5,0,0
63,1,0.5,1.3333333333333333,2.0,1.0,0.6666666666666666,1.3333333333333333,1.3333333333333333,1.5,0.6666666666666666,0.5,0,0
66,1,1.1666666666666667,1.3333333333333333,1.6666666666666667,0.8333333333333334,0.6666666666666666,0.16666666666666666,1.0,2.6666666666666665,0.8333333333333334,0.6666666666666666,1,1
65,1,2.3333333333333335,2.3333333333333335,1.0,0.8333333333333334,0.6666666666666666,1.8333333333333333,1.3333333333333333,0.8333333333333334,0.6666666666666666,0.3333333333333333,1,1
62,1,2.3333333333333335,2.0,0.8333333333333334,0.5,0.3333333333333333,0.16666666666666666,0.5,2.0,0.5,0.5,1,1
64,1,0.8333333333333334,1.0,1.6666666666666667,0.6666666666666666,0.5,0.6666666666666666,0.8333333333333334,1.6666666666666667,0.6666666666666666,0.3333333333333333,1,1
463,2,0.875,0.625,0.75,0.375,0.125,1.75,1.5,1.625,0.625,0.625,1,0
824,3,1.1666666666666667,1.8333333333333333,2.0,0.6666666666666666,0.8333333333333334,0.8333333333333334,0.6666666666666666,1.6666666666666667,0.3333333333333333,0.3333333333333333,1,1
465,2,0.625,0.5,2.125,0.375,0.625,1.25,1.125,1.0,0.75,0.5,1,1
67,1,0.6666666666666666,1.1666666666666667,2.5,0.6666666666666666,0.8333333333333334,1.8333333333333333,1.3333333333333333,1.1666666666666667,0.8333333333333334,0.5,0,0
464,2,0.375,1.125,2.0,0.875,0.625,1.25,1.875,1.875,0.875,0.75,0,0
825,3,1.8333333333333333,2.1666666666666665,1.1666666666666667,0.6666666666666666,0.6666666666666666,1.8333333333333333,1.6666666666666667,1.3333333333333333,0.6666666666666666,0.6666666666666666,1,1
466,2,2.25,2.125,0.75,0.625,0.375,2.125,2.125,1.875,1.0,0.875,0,0
826,3,2.0,1.5,0.0,0.0,0.5,0.8333333333333334,0.6666666666666666,1.6666666666666667,0.3333333333333333,0.3333333333333333,1,0
467,2,1.125,1.125,1.375,0.375,0.375,1.75,1.5,1.0,0.625,0.375,1,1
828,3,1.1666666666666667,1.1666666666666667,1.5,0.8333333333333334,0.5,0.8333333333333334,1.6666666666666667,2.0,1.0,0.8333333333333334,0,0
68,1,2.1666666666666665,2.5,1.1666666666666667,0.5,0.5,1.5,1.0,0.8333333333333334,0.5,0.16666666666666666,1,0
69,1,2.1666666666666665,2.0,1.5,0.8333333333333334,0.8333333333333334,1.1666666666666667,0.8333333333333334,1.3333333333333333,0.16666666666666666,0.6666666666666666,0,0
827,3,1.6666666666666667,2.0,1.6666666666666667,1.0,1.0,1.6666666666666667,0.8333333333333334,0.3333333333333333,0.3333333333333333,0.16666666666666666,1,1
468,2,1.25,1.375,1.5,0.625,0.625,2.625,3.125,1.125,0.75,0.875,0,1
70,1,1.5,1.6666666666666667,1.3333333333333333,0.6666666666666666,0.6666666666666666,1.6666666666666667,2.0,0.8333333333333334,0.5,0.6666666666666666,1,1
829,3,0.5,0.6666666666666666,1.3333333333333333,0.5,0.3333333333333333,1.5,1.1666666666666667,0.6666666666666666,0.5,0.5,1,0
469,2,1.125,1.0,1.25,0.625,0.5,1.5,1.0,0.875,0.5,0.25,0,0
830,3,1.1666666666666667,1.1666666666666667,1.1666666666666667,0.6666666666666666,0.5,1.8333333333333333,2.3333333333333335,1.1666666666666667,0.6666666666666666,1.0,1,1
470,2,1.0,0.75,0.875,0.25,0.375,2.0,1.5,0.5,0.375,0.375,1,0
471,2,1.1111111111111112,1.2222222222222223,1.6666666666666667,0.5555555555555556,0.6666666666666666,0.5555555555555556,0.5555555555555556,2.111111111111111,0.4444444444444444,0.6666666666666666,1,1
71,1,1.4285714285714286,2.0,1.1428571428571428,0.5714285714285714,0.7142857142857143,1.1428571428571428,1.4285714285714286,1.5714285714285714,0.7142857142857143,0.5714285714285714,1,1
472,2,1.5555555555555556,1.4444444444444444,1.1111111111111112,0.6666666666666666,0.4444444444444444,1.1111111111111112,1.0,1.4444444444444444,0.5555555555555556,0.5555555555555556,1,1
832,3,1.1428571428571428,1.4285714285714286,2.0,0.7142857142857143,0.7142857142857143,0.8571428571428571,1.4285714285714286,1.7142857142857142,0.8571428571428571,0.7142857142857143,1,0
831,3,0.7142857142857143,0.7142857142857143,2.142857142857143,0.42857142857142855,0.42857142857142855,1.1428571428571428,1.0,1.2857142857142858,0.7142857142857143,0.42857142857142855,1,1
73,1,1.7142857142857142,1.1428571428571428,1.0,0.7142857142857143,0.42857142857142855,1.7142857142857142,1.8571428571428572,1.4285714285714286,0.7142857142857143,0.7142857142857143,0,0
75,1,0.14285714285714285,0.5714285714285714,2.142857142857143,0.5714285714285714,0.5714285714285714,0.8571428571428571,1.2857142857142858,1.7142857142857142,0.8571428571428571,0.5714285714285714,1,1
72,1,1.1428571428571428,0.7142857142857143,1.1428571428571428,0.14285714285714285,0.5714285714285714,1.4285714285714286,1.8571428571428572,1.8571428571428572,0.8571428571428571,0.7142857142857143,1,1
74,1,1.5714285714285714,1.4285714285714286,1.1428571428571428,0.7142857142857143,0.42857142857142855,2.0,1.7142857142857142,1.2857142857142858,0.7142857142857143,0.7142857142857143,1,1
76,1,0.5714285714285714,0.8571428571428571,2.0,0.7142857142857143,0.42857142857142855,0.7142857142857143,1.0,2.142857142857143,0.5714285714285714,0.7142857142857143,0,0
473,2,1.6666666666666667,1.4444444444444444,1.5555555555555556,0.6666666666666666,0.5555555555555556,1.3333333333333333,0.8888888888888888,0.8888888888888888,0.4444444444444444,0.2222222222222222,1,1
833,3,1.5714285714285714,2.142857142857143,1.2857142857142858,0.7142857142857143,1.0,1.8571428571428572,1.4285714285714286,1.4285714285714286,0.5714285714285714,0.5714285714285714,0,0
77,1,1.1428571428571428,1.1428571428571428,1.4285714285714286,0.5714285714285714,0.42857142857142855,2.4285714285714284,2.142857142857143,0.8571428571428571,0.5714285714285714,0.42857142857142855,0,0
474,2,1.3333333333333333,1.2222222222222223,1.3333333333333333,0.4444444444444444,0.4444444444444444,1.0,0.7777777777777778,0.8888888888888888,0.3333333333333333,0.3333333333333333,0,0
834,3,1.8571428571428572,1.4285714285714286,0.14285714285714285,0.14285714285714285,0.42857142857142855,1.8571428571428572,2.0,1.5714285714285714,1.0,1.0,0,0
475,2,1.4444444444444444,1.7777777777777777,1.6666666666666667,0.7777777777777778,0.6666666666666666,2.3333333333333335,2.111111111111111,0.6666666666666666,0.5555555555555556,0.3333333333333333,1,1
835,3,1.4285714285714286,0.8571428571428571,0.5714285714285714,0.42857142857142855,0.2857142857142857,2.2857142857142856,2.0,0.7142857142857143,0.2857142857142857,0.7142857142857143,0,0
476,2,1.5555555555555556,1.0,0.8888888888888888,0.5555555555555556,0.4444444444444444,1.4444444444444444,1.2222222222222223,1.0,0.7777777777777778,0.5555555555555556,0,0
837,3,0.7142857142857143,0.42857142857142855,1.7142857142857142,0.14285714285714285,0.42857142857142855,1.4285714285714286,1.2857142857142858,1.1428571428571428,0.7142857142857143,0.5714285714285714,0,1
836,3,0.5714285714285714,0.7142857142857143,1.7142857142857142,0.42857142857142855,0.5714285714285714,1.4285714285714286,2.2857142857142856,1.8571428571428572,0.7142857142857143,0.8571428571428571,0,0
78,1,0.14285714285714285,1.2857142857142858,3.0,0.8571428571428571,0.7142857142857143,2.4285714285714284,2.4285714285714284,1.1428571428571428,0.8571428571428571,0.7142857142857143,1,1
477,2,1.8888888888888888,1.4444444444444444,0.5555555555555556,0.4444444444444444,0.3333333333333333,0.8888888888888888,0.5555555555555556,1.0,0.4444444444444444,0.1111111111111111,1,1
79,1,2.5714285714285716,1.8571428571428572,0.2857142857142857,0.14285714285714285,0.42857142857142855,2.0,2.2857142857142856,1.1428571428571428,0.5714285714285714,0.42857142857142855,1,1
838,3,0.8571428571428571,0.7142857142857143,1.5714285714285714,0.42857142857142855,0.2857142857142857,1.5714285714285714,1.7142857142857142,1.5714285714285714,0.7142857142857143,0.7142857142857143,1,1
478,2,1.8888888888888888,1.8888888888888888,1.8888888888888888,0.8888888888888888,0.7777777777777778,0.8888888888888888,0.6666666666666666,0.7777777777777778,0.4444444444444444,0.1111111111111111,1,0
839,3,1.4285714285714286,1.1428571428571428,0.7142857142857143,0.5714285714285714,0.42857142857142855,2.0,2.2857142857142856,1.2857142857142858,0.7142857142857143,0.7142857142857143,0,0
479,2,2.6666666666666665,3.111111111111111,1.0,0.6666666666666666,0.8888888888888888,1.3333333333333333,1.0,1.1111111111111112,0.5555555555555556,0.4444444444444444,1,1
840,3,1.2857142857142858,1.7142857142857142,1.7142857142857142,0.5714285714285714,0.8571428571428571,0.5714285714285714,0.7142857142857143,1.2857142857142858,0.5714285714285714,0.2857142857142857,0,1
480,2,0.6666666666666666,0.5555555555555556,1.4444444444444444,0.3333333333333333,0.4444444444444444,0.3333333333333333,1.0,1.8888888888888888,0.7777777777777778,0.5555555555555556,1,1
80,1,1.4285714285714286,1.0,0.8571428571428571,0.5714285714285714,0.14285714285714285,0.42857142857142855,0.7142857142857143,1.4285714285714286,0.5714285714285714,0.42857142857142855,0,0
841,3,1.625,1.25,1.375,0.5,0.5,1.125,1.0,1.625,0.5,0.375,0,0
842,3,1.375,1.75,1.75,0.75,0.75,1.125,1.375,1.875,0.75,0.625,0,0
81,1,1.125,1.5,1.75,0.875,0.625,1.625,1.0,0.75,0.5,0.125,1,1
481,2,1.0,1.0,1.7,0.6,0.6,1.2,1.0,1.5,0.6,0.5,0,0
482,2,0.8,0.8,2.1,0.5,0.7,1.8,1.8,1.8,0.9,0.7,1,1
843,3,2.375,1.875,0.625,0.25,0.625,0.625,0.375,2.25,0.125,0.5,0,0
85,1,2.125,1.875,1.25,0.75,0.75,1.375,1.25,1.25,0.5,0.375,1,0
84,1,1.25,1.75,1.875,0.875,0.75,0.5,0.75,2.0,0.625,0.375,1,1
83,1,1.875,1.75,1.25,0.625,0.625,0.125,1.25,2.875,0.875,0.75,1,1
82,1,2.5,2.375,1.125,0.875,0.75,0.125,0.75,2.25,0.625,0.625,0,0
483,2,1.3,1.1,1.0,0.7,0.5,1.0,1.3,1.8,0.6,0.7,0,0
86,1,1.0,1.125,1.875,0.5,0.625,1.375,1.375,1.375,0.75,0.5,1,0
484,2,0.6,1.2,1.9,0.8,0.6,1.2,1.1,1.3,0.4,0.4,0,0
844,3,1.625,2.25,1.625,0.625,0.75,1.125,1.5,1.875,0.5,0.875,1,1
485,2,2.4,2.1,0.7,0.6,0.4,2.7,3.3,1.0,0.7,0.9,0,1
845,3,0.875,1.375,1.625,0.875,0.625,1.25,0.75,0.625,0.375,0.25,1,0
486,2,0.8,0.6,1.2,0.5,0.2,1.3,1.7,1.7,0.8,0.7,0,1
846,3,1.625,1.75,1.5,0.875,0.875,0.75,0.875,2.125,0.5,0.5,0,1
847,3,0.875,1.0,1.125,0.5,0.375,0.5,0.625,1.75,0.375,0.5,1,1
88,1,1.75,2.125,1.25,0.625,0.5,1.5,1.0,1.0,0.625,0.375,1,1
89,1,0.375,0.625,1.375,0.5,0.375,1.625,2.25,1.125,0.625,0.75,0,0
87,1,1.0,1.375,1.875,0.75,0.625,1.375,0.875,1.125,0.25,0.625,1,1
487,2,0.9,0.7,0.8,0.5,0.1,0.6,0.7,1.6,0.4,0.5,1,0
90,1,2.125,1.875,1.0,0.5,0.375,2.625,1.875,0.375,0.25,0.5,1,1
848,3,2.125,2.125,1.125,0.625,0.625,2.0,1.375,0.125,0.125,0.375,1,1
488,2,1.5,1.0,0.9,0.5,0.3,2.0,1.6,0.6,0.5,0.4,0,0
849,3,1.625,1.875,1.0,0.625,0.625,1.25,1.0,0.75,0.5,0.375,1,1
489,2,1.2,0.8,0.8,0.3,0.3,1.5,1.4,1.6,0.7,0.6,0,0
490,2,1.7,1.0,0.8,0.5,0.4,1.7,1.7,1.1,0.7,0.5,0,0
850,3,1.0,0.8888888888888888,1.6666666666666667,0.4444444444444444,0.3333333333333333,1.125,1.125,1.375,0.75,0.5,0,0
851,3,0.5555555555555556,0.3333333333333333,2.111111111111111,0.1111111111111111,0.4444444444444444,1.0,1.4444444444444444,2.3333333333333335,0.5555555555555556,0.8888888888888888,0,0
852,3,1.75,2.0,1.125,0.625,0.875,2.4444444444444446,1.7777777777777777,0.5555555555555556,0.2222222222222222,0.5555555555555556,0,0
854,3,0.5555555555555556,0.7777777777777778,1.7777777777777777,0.4444444444444444,0.5555555555555556,1.7777777777777777,1.3333333333333333,1.2222222222222223,0.4444444444444444,0.4444444444444444,1,1
853,3,1.2222222222222223,0.7777777777777778,0.6666666666666666,0.4444444444444444,0.2222222222222222,2.0,2.3333333333333335,1.4444444444444444,0.6666666666666666,0.6666666666666666,0,1
856,3,1.7777777777777777,2.6666666666666665,1.5555555555555556,0.6666666666666666,0.7777777777777778,0.8888888888888888,1.1111111111111112,1.2222222222222223,0.5555555555555556,0.4444444444444444,0,0
855,3,1.8888888888888888,1.6666666666666667,0.5555555555555556,0.2222222222222222,0.4444444444444444,0.8888888888888888,1.3333333333333333,1.5555555555555556,0.8888888888888888,0.5555555555555556,1,1
857,3,0.6666666666666666,0.7777777777777778,2.2222222222222223,0.4444444444444444,0.5555555555555556,1.7777777777777777,2.2222222222222223,1.0,0.6666666666666666,0.6666666666666666,0,0
859,3,1.0,1.2222222222222223,1.7777777777777777,0.6666666666666666,0.5555555555555556,1.7777777777777777,1.8888888888888888,1.3333333333333333,0.7777777777777778,0.8888888888888888,1,1
858,3,1.1111111111111112,1.0,1.2222222222222223,0.5555555555555556,0.4444444444444444,1.5555555555555556,1.6666666666666667,1.5555555555555556,0.6666666666666666,0.6666666666666666,0,0
491,2,1.0,1.2,1.7,0.5,0.6,1.7,0.9,0.7,0.4,0.4,0,0
91,1,1.3333333333333333,1.0,1.1111111111111112,0.6666666666666666,0.4444444444444444,2.0,1.8888888888888888,1.1111111111111112,0.5555555555555556,0.4444444444444444,0,0
492,2,1.7,1.5,1.5,0.6,0.6,0.5,0.8,2.3,0.6,0.8,0,0
860,3,1.3333333333333333,1.2222222222222223,1.2222222222222223,0.6666666666666666,0.4444444444444444,0.8,0.4,1.9,0.1,0.4,0,0
94,1,0.1111111111111111,0.6666666666666666,2.111111111111111,0.5555555555555556,0.5555555555555556,1.0,1.1111111111111112,1.7777777777777777,0.5555555555555556,0.5555555555555556,0,0
96,1,1.7777777777777777,1.2222222222222223,0.7777777777777778,0.5555555555555556,0.2222222222222222,1.2222222222222223,1.4444444444444444,1.7777777777777777,0.7777777777777778,0.6666666666666666,0,1
92,1,1.3333333333333333,1.2222222222222223,1.2222222222222223,0.5555555555555556,0.3333333333333333,2.5555555555555554,2.2222222222222223,1.0,0.7777777777777778,0.6666666666666666,1,1
95,1,0.4444444444444444,1.0,2.2222222222222223,0.6666666666666666,0.4444444444444444,1.0,1.4444444444444444,1.8888888888888888,0.8888888888888888,0.6666666666666666,1,0
93,1,2.4444444444444446,1.8888888888888888,0.5555555555555556,0.3333333333333333,0.5555555555555556,1.7777777777777777,1.7777777777777777,1.3333333333333333,0.6666666666666666,0.6666666666666666,1,1
493,2,1.1,1.0,1.3,0.3,0.4,1.0,0.8,1.1,0.4,0.3,1,1
861,3,1.6,1.4,1.4,0.5,0.5,1.8,1.7,0.7,0.3,0.5,0,0
97,1,0.2222222222222222,1.3333333333333333,2.7777777777777777,0.8888888888888888,0.7777777777777778,0.6666666666666666,0.6666666666666666,1.2222222222222223,0.4444444444444444,0.3333333333333333,1,1
862,3,0.8,1.0,1.3,0.5,0.4,1.5555555555555556,1.7777777777777777,1.2222222222222223,0.5555555555555556,0.7777777777777778,0,0
863,3,2.5,1.8,0.5,0.2,0.5,1.9,2.6,1.4,0.6,0.7,0,1
494,2,1.9,1.4,0.5,0.4,0.3,0.8,1.1,1.7,0.7,0.5,0,0
864,3,1.4,1.5,1.5,0.6,0.6,1.9,2.1,0.9,0.6,0.6,0,0
98,1,1.4444444444444444,2.0,1.1111111111111112,0.5555555555555556,0.6666666666666666,2.0,1.7777777777777777,1.2222222222222223,0.7777777777777778,0.6666666666666666,1,1
495,2,2.7,3.5,0.9,0.6,0.9,1.0,1.0,1.8,0.6,0.6,1,1
99,1,1.2222222222222223,0.8888888888888888,1.2222222222222223,0.3333333333333333,0.6666666666666666,1.8888888888888888,2.111111111111111,1.2222222222222223,0.6666666666666666,0.5555555555555556,1,0
865,3,0.9,1.3,2.2,0.5,0.8,1.3,1.0,1.1,0.5,0.4,1,1
496,2,1.4,1.0,1.3,0.5,0.4,1.2,0.7,0.8,0.2,0.2,0,0
866,3,2.1,2.4,1.3,0.6,0.7,0.8,1.0,1.8,0.5,0.6,0,0
497,2,1.7,1.6,1.0,0.6,0.5,1.7,1.0,0.8,0.4,0.3,1,0
868,3,0.9,1.4,1.6,0.9,0.6,0.6,0.7,2.1,0.4,0.5,0,0
867,3,1.1,0.7,0.9,0.4,0.3,0.9,1.2,2.1,0.7,0.6,0,0
869,3,1.9,2.2,1.3,0.8,0.9,0.9,0.8,1.7,0.4,0.3,1,1
100,1,1.3333333333333333,1.3333333333333333,1.3333333333333333,0.7777777777777778,0.4444444444444444,1.4444444444444444,2.0,2.0,0.8888888888888888,0.7777777777777778,1,1
498,2,1.0,1.5,1.9,0.7,0.7,0.9,0.7,0.8,0.5,0.1,0,0
870,3,0.8,0.6,1.9,0.3,0.4,0.9,1.2,1.9,0.7,0.5,1,0
871,3,0.8,0.4,1.6,0.1,0.3,1.3,0.8,0.9,0.4,0.3,1,0
499,2,1.3,1.0,0.9,0.6,0.4,0.8,1.0,1.7,0.6,0.4,1,1
500,2,2.3,2.0,1.0,0.5,0.5,1.7,1.5,1.5,0.6,0.6,0,1
872,3,0.8,0.9,1.6,0.4,0.5,0.8,1.3,1.6,0.8,0.6,1,1
103,1,0.7,0.8,1.3,0.5,0.4,1.5,1.4,1.3,0.8,0.5,0,0
102,1,1.1,1.3,1.9,0.7,0.7,0.9,1.0,1.7,0.5,0.5,0,0
101,1,0.3,1.4,2.7,0.9,0.8,0.4,0.7,1.9,0.5,0.5,0,0
104,1,1.3,1.9,2.0,0.9,0.8,1.5,1.3,1.2,0.6,0.4,1,1
501,2,2.0,1.8,1.7,0.9,0.7,1.2,1.3,1.7,0.5,0.6,0,1
873,3,0.8,0.9,1.9,0.5,0.4,1.7,1.7,1.1,0.5,0.7,1,1
105,1,1.6,1.7,1.4,0.7,0.7,2.3,2.1,1.1,0.8,0.7,1,1
874,3,1.8,1.6,0.7,0.3,0.4,1.3,1.3,1.4,0.5,0.5,0,0
106,1,2.5,1.9,0.6,0.4,0.6,1.8,1.7,1.5,0.8,0.7,0,0
502,2,0.7,0.9,1.4,0.4,0.3,1.4,0.9,1.3,0.4,0.3,0,0
875,3,1.9,2.5,1.4,0.6,0.7,1.5,1.3,1.5,0.4,0.5,1,1
503,2,1.7,1.1,0.9,0.5,0.3,1.0,1.3,1.8,0.6,0.6,1,1
876,3,1.2,1.2,1.4,0.6,0.5,1.5,1.2,1.1,0.6,0.4,1,1
108,1,1.6,2.2,1.1,0.6,0.7,0.5,1.0,2.1,0.7,0.4,1,1
109,1,1.9,1.4,0.7,0.5,0.3,1.5,1.0,1.0,0.6,0.4,1,1
877,3,2.1,2.1,0.8,0.5,0.6,0.9,1.3,2.4,0.6,0.8,1,1
107,1,1.2,0.9,1.2,0.4,0.6,1.0,1.4,1.8,0.9,0.6,0,1
504,2,1.7,0.9,0.7,0.4,0.4,1.9,1.3,0.5,0.4,0.2,0,0
110,1,1.8,2.0,1.2,0.7,0.5,1.8,1.7,1.1,0.5,0.4,1,0
878,3,0.7,1.0,1.4,0.5,0.4,1.9,2.1,1.3,0.8,0.9,0,0
506,2,0.5,0.8,2.1,0.6,0.7,1.8,1.6,0.9,0.6,0.4,1,0
505,2,0.8,0.7,0.9,0.5,0.1,1.4,1.4,1.3,0.4,0.4,0,0
879,3,2.3,2.3,1.1,0.5,0.6,2.5,1.8,0.5,0.2,0.5,1,0
507,2,1.2,0.8,0.8,0.2,0.2,2.7,3.6,0.9,0.6,0.9,0,0
508,2,0.7,0.7,1.0,0.5,0.1,0.5,0.9,2.2,0.7,0.7,0,0
111,1,0.9,1.3,2.0,0.8,0.7,1.9,2.1,1.1,0.8,0.5,1,1
509,2,0.7,0.7,1.5,0.4,0.4,1.8,1.3,0.9,0.6,0.4,1,1
880,3,0.9,1.4,2.4,0.7,0.8,2.1,2.2,1.2,0.6,0.6,0,1
114,1,1.6,1.6,1.2,0.6,0.4,1.8,1.4,0.9,0.5,0.4,0,1
113,1,1.8,1.6,1.2,0.8,0.5,0.6,1.6,2.5,0.9,0.8,1,1
112,1,1.4,1.4,1.4,0.6,0.5,1.6,1.6,1.5,0.8,0.7,1,1
116,1,1.5,1.5,1.6,0.7,0.6,0.7,0.7,1.3,0.4,0.3,1,1
115,1,1.0,1.0,1.4,0.5,0.4,1.3,2.0,2.1,0.9,0.8,0,0
510,2,2.1,1.4,0.5,0.4,0.2,0.9,1.1,1.9,0.4,0.6,1,1
881,3,1.7,1.8,1.2,0.5,0.7,1.8,1.5,0.7,0.3,0.3,0,0
117,1,2.0,2.0,1.3,0.9,0.8,1.5,2.2,1.2,0.6,0.8,0,1
512,2,1.4,1.1,1.3,0.4,0.3,1.0,1.1,2.0,0.7,0.7,1,1
511,2,1.0,1.2,1.7,0.6,0.5,1.6,0.9,0.8,0.4,0.4,1,1
882,3,0.8,1.3,1.6,0.8,0.6,2.2,2.6,1.3,0.6,0.7,1,1
513,2,1.1,1.2,1.6,0.6,0.6,2.4,3.4,0.9,0.5,0.8,1,1
883,3,0.6,0.6,2.0,0.4,0.4,0.8,1.1,2.1,0.5,0.5,1,1
514,2,1.7,1.5,1.5,0.6,0.6,2.0,1.9,1.6,0.8,0.7,1,1
885,3,0.9,1.2,1.9,0.7,0.5,2.3,2.4,0.9,0.6,0.7,0,0
884,3,1.0,1.1,1.5,0.4,0.4,0.7,1.0,1.4,0.5,0.4,1,0
118,1,0.4,0.7,2.0,0.5,0.5,2.5,1.9,0.6,0.4,0.6,1,1
515,2,1.3,0.9,1.4,0.4,0.3,1.2,1.1,1.2,0.7,0.5,0,0
119,1,0.8,1.2,2.0,0.8,0.5,1.2,1.1,1.2,0.4,0.7,1,0
886,3,2.3,1.6,0.6,0.3,0.4,1.2,1.3,1.5,0.6,0.5,0,0
516,2,0.9,1.0,1.4,0.4,0.3,2.3,2.1,1.0,0.5,0.5,0,1
887,3,2.2,2.1,1.1,0.7,0.8,1.7,1.4,1.2,0.6,0.5,0,1
517,2,1.6,1.6,1.0,0.7,0.4,1.5,0.8,0.6,0.1,0.1,0,0
888,3,1.1,0.7,0.9,0.4,0.2,1.2,1.2,1.6,0.4,0.5,1,0
889,3,0.7,1.0,1.8,0.5,0.6,0.9,0.5,1.5,0.2,0.3,0,0
120,1,1.5,1.2,1.1,0.7,0.5,1.2,1.2,1.7,0.6,0.6,0,0
890,3,0.9,1.3,2.2,0.6,0.6,0.6,1.2,2.9,0.7,0.9,0,0
518,2,1.6,1.1,1.0,0.5,0.5,1.0,1.0,1.4,0.4,0.4,1,1
121,1,1.6,1.6,1.5,0.8,0.7,0.4,0.9,2.2,0.6,0.6,1,0
519,2,2.2,2.9,1.1,0.6,0.8,1.0,1.4,1.8,0.7,0.6,1,1
891,3,0.9,1.2,2.0,0.7,0.5,0.7,0.9,1.3,0.5,0.3,1,0
125,1,1.5,1.3,1.2,0.5,0.5,0.9,1.2,1.7,0.8,0.4,0,0
122,1,0.9,1.8,2.0,0.9,0.8,1.3,1.4,1.5,0.6,0.6,1,1
123,1,0.8,0.9,1.3,0.5,0.4,1.4,1.1,1.2,0.6,0.5,1,0
124,1,1.4,2.0,1.9,0.9,0.8,0.9,1.3,2.0,0.8,0.7,1,1
520,2,0.6,1.0,2.1,0.5,0.7,0.9,1.0,1.6,0.4,0.4,1,0
892,3,1.8,1.7,1.0,0.4,0.6,1.1,0.7,0.9,0.4,0.2,0,1
521,2,0.9,1.2,2.4,0.8,0.8,1.2,1.2,1.5,0.6,0.6,1,1
126,1,1.2,1.2,1.7,0.6,0.6,1.6,1.7,1.2,0.6,0.5,1,1
893,3,1.7,1.4,1.2,0.6,0.5,0.7,1.0,1.8,0.5,0.6,0,1
522,2,0.5,0.9,1.7,0.7,0.6,2.1,1.5,0.6,0.5,0.3,0,1
894,3,1.0,1.2,1.7,0.5,0.5,0.7,0.8,2.0,0.5,0.5,0,0
523,2,1.8,1.7,1.5,0.8,0.7,1.4,1.3,1.4,0.5,0.4,1,1
128,1,1.5,2.2,1.2,0.6,0.8,1.5,1.5,1.5,0.8,0.5,1,0
127,1,1.3,1.1,1.1,0.4,0.6,1.1,1.0,1.0,0.5,0.3,0,1
129,1,1.9,1.7,1.0,0.8,0.5,1.6,1.7,1.6,0.8,0.7,0,1
895,3,0.8,1.1,1.6,0.5,0.4,2.3,1.5,0.5,0.2,0.3,0,0
896,3,0.8,1.3,1.7,0.8,0.6,2.4,2.2,0.9,0.6,0.8,1,1
524,2,2.5,2.3,0.9,0.4,0.6,1.0,0.9,0.9,0.5,0.1,0,0
130,1,2.5,2.0,0.8,0.5,0.7,1.7,1.6,1.6,0.8,0.8,0,0
525,2,1.2,1.0,1.1,0.6,0.4,1.9,1.7,0.9,0.7,0.4,1,1
897,3,0.9,0.5,1.5,0.2,0.3,1.8,1.5,0.7,0.3,0.3,1,0
526,2,1.4,0.8,0.7,0.1,0.1,1.5,1.3,1.3,0.7,0.5,0,0
898,3,1.1,1.3,1.6,0.6,0.5,2.5,2.9,1.0,0.7,0.7,0,0
527,2,1.6,1.0,1.2,0.4,0.3,1.5,1.4,1.5,0.6,0.6,1,0
528,2,1.9,1.2,0.9,0.5,0.5,1.9,2.6,1.2,0.6,0.8,1,1
131,1,0.8,1.1,1.7,0.7,0.4,0.8,0.9,1.3,0.5,0.4,0,0
132,1,0.9,1.3,2.2,0.8,0.7,1.2,1.3,1.9,0.6,0.6,1,1
133,1,1.2,1.0,1.2,0.6,0.4,2.5,1.9,0.8,0.5,0.6,1,1
135,1,1.1,0.8,1.1,0.4,0.3,0.8,1.9,2.3,0.9,0.9,0,1
134,1,0.5,0.9,2.0,0.6,0.5,2.1,1.9,0.9,0.7,0.6,1,1
136,1,1.4,1.3,1.7,0.7,0.7,1.7,1.3,1.1,0.4,0.5,0,1
529,2,1.9,1.6,0.8,0.7,0.4,2.5,2.3,0.9,0.4,0.6,1,1
138,1,1.3,1.5,1.8,0.7,0.7,1.4,2.1,1.9,0.9,0.8,1,1
137,1,1.8,2.1,1.3,0.6,0.6,1.6,1.5,0.8,0.4,0.6,0,0
139,1,1.5,1.5,1.5,0.8,0.5,1.6,1.6,1.5,0.8,0.7,1,1
140,1,1.3,1.5,1.5,0.6,0.6,1.6,2.2,1.1,0.6,0.7,0,0
899,3,2.1,2.3,1.2,0.6,0.6,1.1,1.4,1.5,0.8,0.6,1,1
900,3,2.5,2.8,0.8,0.6,0.6,2.0,1.8,0.8,0.3,0.6,1,1
530,2,0.9,1.0,1.7,0.6,0.6,1.6,1.2,1.4,0.6,0.6,0,0
531,2,1.3,1.4,1.6,0.7,0.6,0.5,0.8,1.9,0.6,0.6,1,1
901,3,0.9,0.9,1.9,0.4,0.5,0.7,1.1,1.7,0.5,0.4,0,0
143,1,1.3,1.5,1.7,0.7,0.7,0.5,1.0,2.2,0.7,0.5,0,0
142,1,1.4,2.1,2.0,0.9,0.8,1.0,1.1,1.4,0.6,0.4,1,1
141,1,1.0,0.8,1.1,0.4,0.3,1.4,1.4,1.6,0.6,0.7,1,1
532,2,1.2,1.1,1.4,0.6,0.4,1.9,2.6,1.2,0.6,0.8,1,1
902,3,1.8,1.6,0.8,0.4,0.3,1.9,1.6,1.1,0.5,0.6,1,1
533,2,1.0,1.1,1.5,0.5,0.5,1.2,1.0,1.1,0.6,0.4,0,0
144,1,1.3,1.2,1.0,0.4,0.5,1.4,1.2,1.4,0.4,0.6,1,1
903,3,1.0,1.2,1.7,0.5,0.5,0.9,0.6,1.6,0.3,0.3,1,1
534,2,1.5,1.4,1.2,0.5,0.4,2.2,2.2,1.1,0.5,0.7,0,1
904,3,2.5,2.4,0.7,0.5,0.6,1.2,1.4,1.8,0.6,0.5,0,0
535,2,1.0,1.1,1.5,0.5,0.4,1.7,1.0,0.5,0.1,0.1,0,1
146,1,1.1,1.4,2.1,0.8,0.7,1.5,1.7,1.8,0.9,0.8,1,1
905,3,0.6,1.1,2.8,0.6,0.8,1.0,0.7,1.2,0.4,0.3,1,1
147,1,0.7,1.1,1.8,0.7,0.4,1.6,1.6,1.4,0.6,0.6,1,1
145,1,1.7,1.7,1.5,0.8,0.6,1.8,2.2,1.3,0.6,0.6,1,0
536,2,1.9,1.6,0.9,0.8,0.5,1.8,1.8,1.6,0.8,0.8,0,0
148,1,1.6,2.2,1.1,0.6,0.7,2.1,2.3,1.0,0.8,0.7,1,1
906,3,0.7,1.0,1.7,0.5,0.6,0.9,1.1,1.9,0.7,0.4,1,1
537,2,1.6,1.4,1.3,0.6,0.5,0.7,0.9,1.9,0.5,0.6,1,1
907,3,2.3,1.2,0.5,0.2,0.2,2.1,2.1,1.1,0.6,0.8,0,0
538,2,2.1,1.7,0.6,0.5,0.3,1.4,1.0,1.3,0.5,0.3,1,1
908,3,0.7,0.9,1.3,0.5,0.3,0.7,0.9,1.7,0.4,0.4,1,1
539,2,1.0,0.8,0.9,0.4,0.0,0.9,1.3,2.4,0.8,0.8,0,0
149,1,1.1,1.3,2.1,0.6,0.7,0.8,1.8,2.5,0.8,0.9,1,1
909,3,1.0,0.9,1.3,0.5,0.4,0.5,0.8,1.5,0.4,0.3,0,0
540,2,0.4,0.9,2.1,0.7,0.7,0.9,1.0,1.5,0.4,0.5,0,0
541,2,0.6,1.0,2.3,0.7,0.7,1.4,1.4,1.4,0.6,0.5,0,0
910,3,1.2,1.4,1.7,0.6,0.5,2.8,2.8,0.6,0.6,0.6,0,0
153,1,1.8,2.1,1.2,0.6,0.5,1.4,1.0,0.8,0.3,0.3,0,0
150,1,1.0,1.2,1.5,0.6,0.4,1.1,1.5,2.2,0.8,0.8,0,1
152,1,2.6,2.2,1.0,0.6,0.7,1.5,1.5,1.5,0.8,0.5,1,1
151,1,0.8,1.8,2.4,0.8,0.9,0.6,1.1,1.9,0.7,0.5,1,1
542,2,1.3,1.0,1.5,0.5,0.5,1.5,1.4,1.3,0.5,0.5,1,1
911,3,1.0,1.1,1.5,0.5,0.4,2.2,1.2,0.6,0.2,0.2,1,1
543,2,1.4,1.2,1.5,0.5,0.3,1.2,1.1,1.4,0.5,0.5,0,0
154,1,1.6,1.3,1.4,0.4,0.6,1.3,1.3,1.6,0.6,0.6,1,1
912,3,1.8,1.8,1.0,0.5,0.4,0.5,1.0,1.9,0.6,0.7,1,1
544,2,1.2,0.8,1.0,0.5,0.3,2.2,2.1,1.0,0.4,0.7,1,1
913,3,0.8,0.5,1.8,0.3,0.3,0.7,0.9,1.3,0.5,0.3,1,1
545,2,2.3,2.0,0.8,0.5,0.4,1.2,0.8,0.8,0.3,0.0,0,0
914,3,1.9,1.6,1.1,0.5,0.6,2.8,2.3,0.4,0.4,0.5,0,0
915,3,1.0,1.3,1.6,0.8,0.6,0.6,1.0,2.9,0.6,0.8,1,1
155,1,1.5,1.7,1.8,0.9,0.8,1.0,1.0,1.3,0.5,0.4,1,1
546,2,0.5,0.9,2.0,0.5,0.6,1.9,1.5,0.8,0.7,0.4,1,0
156,1,1.4,1.4,1.6,0.6,0.7,1.2,1.4,1.3,0.5,0.6,1,1
916,3,0.7,1.0,1.9,0.7,0.4,1.0,1.3,1.8,0.6,0.5,0,0
547,2,1.5,1.6,1.7,0.7,0.7,1.3,1.2,1.4,0.6,0.4,1,1
548,2,2.0,1.3,0.4,0.1,0.2,1.6,1.5,1.5,0.7,0.6,0,0
157,1,0.4,0.9,2.2,0.6,0.5,1.3,2.2,1.4,0.6,0.7,0,1
158,1,2.1,2.4,1.3,0.9,0.7,1.7,2.4,1.9,0.9,0.8,1,1
917,3,1.7,1.5,1.0,0.4,0.6,1.0,0.9,1.7,0.4,0.5,0,0
549,2,1.7,2.7,1.4,0.7,0.9,1.0,1.1,1.6,0.5,0.5,0,0
918,3,2.4,2.1,0.9,0.5,0.7,2.3,2.5,1.2,0.6,0.7,0,1
159,1,1.9,1.8,1.2,0.7,0.6,1.4,1.5,1.9,0.7,0.7,1,0
551,2,0.7,0.9,1.9,0.6,0.6,0.9,1.0,1.3,0.4,0.4,1,0
550,2,1.5,1.6,1.4,0.7,0.7,1.2,1.0,1.2,0.5,0.4,1,0
919,3,0.9,1.1,2.8,0.6,0.8,1.5,1.3,0.9,0.3,0.5,0,0
552,2,1.4,1.5,1.5,0.6,0.6,0.7,0.9,1.9,0.6,0.6,0,1
160,1,1.2,1.2,1.6,0.6,0.6,1.3,1.4,1.7,0.6,0.8,1,1
553,2,1.2,0.8,0.8,0.3,0.0,1.3,1.0,1.5,0.5,0.5,0,0
920,3,0.8,0.7,1.2,0.3,0.2,1.9,1.5,1.0,0.4,0.5,0,0
161,1,1.4,1.5,1.9,0.7,0.7,1.5,1.6,1.7,0.9,0.8,1,0
162,1,1.6,2.4,2.0,0.9,0.9,1.9,1.5,1.4,0.5,0.7,0,0
163,1,0.8,1.1,1.8,0.7,0.5,1.2,1.5,1.4,0.5,0.5,0,1
554,2,1.2,1.1,1.4,0.5,0.5,2.0,1.3,0.4,0.1,0.2,0,0
921,3,1.1,0.9,1.4,0.4,0.4,2.2,1.3,0.7,0.3,0.3,1,1
555,2,1.4,1.4,1.4,0.6,0.5,1.9,1.5,0.8,0.7,0.4,1,1
164,1,1.3,1.2,1.2,0.5,0.4,1.6,1.7,1.0,0.5,0.4,1,1
922,3,1.1,0.7,1.6,0.4,0.3,2.1,1.8,1.3,0.4,0.7,1,1
556,2,1.7,2.5,1.1,0.6,0.8,2.3,2.0,0.8,0.5,0.4,1,1
923,3,0.7,1.1,1.9,0.5,0.4,1.0,1.3,1.6,0.8,0.6,0,1
557,2,0.7,0.9,1.4,0.5,0.4,0.6,0.8,1.8,0.5,0.5,1,1
166,1,1.3,1.6,1.7,0.9,0.6,0.4,0.8,2.4,0.5,0.5,0,0
924,3,0.6,1.1,1.9,0.6,0.7,0.9,1.1,1.6,0.5,0.4,1,1
165,1,1.5,1.6,1.1,0.6,0.6,1.7,1.6,1.2,0.7,0.5,0,1
168,1,1.1,1.3,2.2,0.7,0.8,0.8,1.8,2.4,0.8,0.9,0,1
167,1,1.4,0.9,0.7,0.2,0.3,2.1,2.2,1.2,0.9,0.7,0,0
558,2,2.0,2.1,1.1,0.4,0.7,1.4,1.1,1.4,0.4,0.2,1,1
169,1,1.3,2.4,1.4,0.6,0.7,2.4,2.1,1.2,0.7,0.7,1,1
925,3,3.0,2.8,0.5,0.5,0.6,0.9,0.9,1.4,0.5,0.4,1,1
560,2,1.2,1.1,1.5,0.4,0.5,1.3,1.5,1.4,0.7,0.6,1,1
559,2,1.6,1.4,1.4,0.6,0.6,0.8,0.9,1.8,0.6,0.5,0,0
926,3,0.7,1.0,1.3,0.6,0.4,1.6,1.7,1.2,0.6,0.4,1,1
561,2,1.5,1.3,1.4,0.6,0.5,1.2,1.1,1.3,0.6,0.4,1,0
927,3,2.5,2.1,0.4,0.3,0.4,1.0,1.0,1.5,0.5,0.4,1,1
928,3,2.6,3.0,1.0,0.5,0.7,0.7,0.9,1.7,0.6,0.3,0,0
170,1,1.0,1.2,1.7,0.6,0.8,1.2,0.7,0.6,0.1,0.2,1,0
172,1,2.0,1.9,1.1,0.7,0.6,1.3,1.3,1.6,0.6,0.5,0,0
171,1,1.4,1.9,1.4,0.5,0.6,1.4,1.4,1.7,0.7,0.7,0,1
173,1,0.5,0.7,2.1,0.4,0.4,1.2,1.2,1.9,0.7,0.6,0,0
174,1,2.1,2.1,1.1,0.8,0.7,1.4,1.4,1.4,0.8,0.5,1,1
175,1,2.1,1.6,1.3,0.4,0.7,1.3,2.5,1.7,0.6,0.7,0,0
176,1,1.1,1.8,1.9,0.7,0.9,1.4,1.6,1.4,0.6,0.7,0,0
177,1,2.4,2.5,1.4,0.7,0.7,0.8,1.2,2.5,0.7,0.9,1,1
178,1,1.3,1.4,1.6,0.9,0.7,1.3,1.9,1.9,0.8,0.8,0,0
179,1,1.6,1.9,1.0,0.5,0.4,0.8,1.0,1.8,0.6,0.5,0,0
930,3,0.9,1.3,2.1,0.8,0.7,0.6,1.0,1.4,0.6,0.5,1,1
929,3,0.9,1.0,1.5,0.5,0.4,1.1,0.9,1.1,0.4,0.4,1,1
931,3,0.8,1.1,1.7,0.5,0.5,2.6,2.9,0.8,0.4,0.6,0,1
932,3,2.1,1.8,1.3,0.4,0.7,3.0,2.6,0.6,0.5,0.6,1,0
933,3,1.0,1.1,1.6,0.6,0.5,0.8,0.5,1.1,0.2,0.1,1,1
934,3,2.2,1.2,0.7,0.3,0.3,0.9,1.2,1.8,0.6,0.7,0,0
180,1,0.5,1.0,2.6,0.7,0.9,0.8,1.1,1.7,0.6,0.7,0,0
182,1,1.2,0.8,0.7,0.2,0.2,2.1,1.6,1.3,0.4,0.7,0,0
183,1,1.0,2.1,1.7,0.5,0.6,1.4,1.9,1.7,0.6,0.8,1,1
184,1,1.4,1.3,1.5,0.6,0.5,0.5,0.5,1.9,0.3,0.3,1,1
181,1,1.7,1.5,1.2,0.8,0.5,1.8,1.7,1.1,0.7,0.6,1,1
935,3,1.8,1.8,1.2,0.6,0.5,2.4,2.2,0.6,0.4,0.5,1,1
185,1,1.5,1.2,1.5,0.6,0.5,2.4,2.7,1.5,0.8,0.8,0,1
936,3,1.5,1.1,0.9,0.3,0.4,0.9,1.5,1.8,0.4,0.5,1,0
937,3,0.7,0.8,1.6,0.5,0.2,1.1,0.8,1.7,0.5,0.4,0,0
186,1,0.8,1.0,1.7,0.6,0.5,2.1,2.1,1.1,0.8,0.7,0,0
938,3,2.1,1.6,0.9,0.3,0.5,0.6,0.9,2.8,0.5,0.7,1,1
187,1,1.1,1.1,1.9,0.6,0.7,1.1,1.3,1.6,0.9,0.7,1,1
188,1,1.1,1.4,1.5,0.5,0.6,1.7,2.2,1.3,0.5,0.7,0,0
189,1,1.4,1.8,1.7,0.7,0.7,1.9,2.0,0.8,0.5,0.4,1,1
562,2,0.7,1.1,1.6,0.6,0.5,2.2,2.4,1.2,0.4,0.8,1,1
190,1,1.1,2.3,1.8,0.6,0.7,2.0,2.3,1.1,0.4,0.6,1,1
939,3,0.9,1.2,1.7,0.6,0.7,0.9,1.1,1.6,0.6,0.5,1,0
195,1,1.1,1.2,2.0,0.6,0.8,0.5,0.9,2.5,0.6,0.8,1,1
192,1,0.5,0.6,2.0,0.4,0.4,1.1,1.5,1.7,0.7,0.7,0,1
193,1,0.8,1.2,1.7,0.6,0.7,1.2,1.0,1.9,0.5,0.5,1,1
194,1,1.4,1.4,1.6,0.7,0.6,1.8,1.9,1.2,0.7,0.6,1,0
191,1,1.8,1.8,1.2,0.7,0.7,0.9,0.6,0.9,0.2,0.2,0,0
940,3,2.2,2.2,0.7,0.4,0.5,2.2,1.2,0.7,0.3,0.3,0,1
196,1,1.1,1.3,1.6,0.9,0.7,2.1,2.1,0.7,0.5,0.4,1,0
941,3,0.9,1.2,2.7,0.6,0.7,1.1,1.3,1.7,0.7,0.6,0,0
942,3,0.3,0.8,1.6,0.7,0.5,0.5,0.8,1.8,0.4,0.5,1,1
197,1,1.7,1.6,1.3,0.8,0.6,1.1,0.9,1.3,0.5,0.4,1,1
943,3,1.1,0.8,1.3,0.5,0.3,1.3,0.9,1.0,0.4,0.4,0,0
198,1,2.4,3.0,1.4,0.7,0.8,1.1,1.3,1.5,0.4,0.5,1,1
944,3,0.9,0.5,1.0,0.2,0.1,1.1,1.4,2.1,0.8,0.8,0,0
945,3,1.0,1.6,1.8,0.5,0.5,2.2,1.9,1.3,0.5,0.7,0,0
199,1,1.4,1.9,1.7,0.6,0.8,2.1,1.5,1.2,0.3,0.6,0,1
946,3,1.9,1.6,1.5,0.5,0.6,0.9,0.9,1.5,0.4,0.2,1,0
563,2,1.2,1.1,1.3,0.6,0.4,1.4,1.2,1.3,0.4,0.5,1,1
564,2,0.7,1.0,1.8,0.6,0.6,1.6,1.7,1.4,0.5,0.7,0,0
948,3,0.9,1.1,1.6,0.6,0.5,1.2,0.8,1.2,0.5,0.3,1,1
947,3,0.9,1.1,1.7,0.7,0.6,2.8,2.5,0.7,0.6,0.6,0,0
565,2,0.7,0.8,2.0,0.5,0.6,1.3,1.3,1.5,0.7,0.5,0,0
949,3,0.7,0.4,1.0,0.2,0.1,1.6,1.9,1.4,0.7,0.6,1,0
566,2,0.8,0.9,1.8,0.6,0.5,1.1,1.2,1.9,0.4,0.6,1,0
950,3,1.6,1.1,0.8,0.3,0.3,0.8,1.0,1.7,0.5,0.6,1,0
567,2,1.3,1.2,1.7,0.4,0.3,0.7,1.2,1.5,0.7,0.5,1,0
951,3,1.4,0.9,0.7,0.4,0.3,1.1,1.3,2.0,0.7,0.8,0,0
568,2,1.9,1.4,1.1,0.5,0.5,0.9,0.6,0.9,0.3,0.0,1,1
952,3,0.9,1.1,1.6,0.6,0.6,2.6,2.9,0.6,0.3,0.6,0,0
569,2,2.5,2.1,0.8,0.5,0.5,1.1,1.1,1.4,0.6,0.5,0,0
953,3,2.0,1.8,1.2,0.4,0.6,1.3,1.7,1.3,0.4,0.4,1,1
954,3,2.2,1.4,0.7,0.3,0.4,1.0,1.1,2.1,0.5,0.6,0,0
955,3,0.2,0.7,1.6,0.7,0.5,1.9,1.6,1.0,0.4,0.5,1,1
570,2,1.7,1.0,0.6,0.1,0.1,1.3,1.7,1.5,0.7,0.6,0,0
956,3,1.0,1.0,1.5,0.5,0.2,1.4,1.1,0.9,0.4,0.3,1,1
202,1,1.4,1.9,1.5,0.6,0.7,1.1,1.5,1.6,0.6,0.7,1,1
201,1,1.8,1.9,1.2,0.7,0.6,1.8,1.7,1.1,0.6,0.6,1,1
200,1,1.2,1.1,2.0,0.6,0.5,1.5,1.6,1.4,0.8,0.6,1,1
957,3,2.6,1.9,0.6,0.5,0.5,1.6,1.6,1.1,0.7,0.5,1,0
203,1,2.1,1.5,1.2,0.3,0.6,2.4,3.0,1.4,0.7,0.8,1,0
206,1,0.4,0.9,2.6,0.6,0.9,1.4,1.3,1.5,0.7,0.5,0,0
205,1,0.8,0.5,0.9,0.1,0.2,1.4,1.3,1.7,0.6,0.8,0,0
204,1,2.0,2.4,1.2,0.5,0.7,1.3,1.7,1.8,0.5,0.8,0,1
958,3,2.6,2.9,0.6,0.3,0.6,2.0,1.8,1.2,0.4,0.6,1,1
207,1,2.2,2.2,0.7,0.6,0.4,0.8,2.0,1.9,0.6,0.7,1,1
208,1,1.1,1.0,1.4,0.5,0.5,1.2,1.3,1.5,0.9,0.6,0,0
209,1,1.1,1.4,1.6,0.4,0.6,0.2,0.5,2.5,0.4,0.5,1,1
959,3,1.1,1.8,1.5,0.5,0.5,1.7,1.0,0.6,0.4,0.3,1,1
571,2,0.6,0.8,1.8,0.6,0.4,1.0,0.8,1.8,0.4,0.5,1,1
210,1,2.0,2.4,1.1,0.4,0.7,1.9,1.7,1.0,0.6,0.6,1,1
572,2,1.6,1.6,1.3,0.4,0.6,1.1,1.2,1.8,0.5,0.3,1,1
960,3,1.8,1.8,1.4,0.5,0.7,0.5,0.9,1.5,0.8,0.6,1,1
211,1,0.4,0.9,2.5,0.6,0.8,1.2,1.6,1.7,0.9,0.7,0,0
213,1,1.2,1.8,1.5,0.6,0.7,2.2,2.9,1.4,0.7,0.7,0,0
212,1,1.4,1.4,2.2,0.7,0.6,1.7,1.5,1.3,0.7,0.5,0,0
573,2,1.1,1.3,2.0,0.5,0.6,2.7,2.1,0.7,0.4,0.5,0,0
961,3,1.6,1.5,1.0,0.7,0.4,1.7,1.3,0.8,0.5,0.4,0,0
574,2,1.3,1.3,1.5,0.7,0.5,0.7,1.0,1.6,0.6,0.5,1,1
214,1,2.4,2.3,0.7,0.6,0.5,1.7,1.4,1.5,0.6,0.8,1,1
962,3,2.4,1.8,0.7,0.6,0.5,2.2,1.4,0.7,0.3,0.4,1,1
575,2,1.1,0.7,0.9,0.3,0.1,1.4,2.3,1.3,0.7,0.8,1,0
963,3,1.6,1.2,1.1,0.4,0.5,0.8,0.5,1.0,0.3,0.1,1,0
576,2,1.1,1.2,1.5,0.5,0.6,2.2,1.6,0.7,0.7,0.4,1,1
964,3,0.9,1.1,1.6,0.6,0.6,1.2,1.0,1.3,0.6,0.4,1,1
216,1,0.8,0.5,0.9,0.1,0.2,0.8,2.0,1.9,0.6,0.7,1,1
215,1,1.1,1.4,1.7,0.5,0.6,1.2,1.3,1.4,0.8,0.5,1,1
217,1,2.2,1.5,1.0,0.3,0.5,0.2,0.6,2.6,0.5,0.6,1,1
965,3,1.0,1.1,1.9,0.6,0.7,0.6,0.8,1.5,0.5,0.5,1,0
577,2,2.2,2.4,1.3,0.5,0.9,1.9,1.5,1.2,0.6,0.6,1,1
218,1,0.8,0.8,1.5,0.4,0.4,1.2,1.6,1.6,0.6,0.7,0,1
966,3,1.0,1.1,2.2,0.5,0.6,1.7,1.2,1.5,0.5,0.5,0,1
578,2,1.0,1.0,1.4,0.5,0.5,1.2,1.1,1.3,0.6,0.4,1,0
967,3,2.6,2.7,0.4,0.3,0.6,0.9,1.2,1.6,0.7,0.5,1,1
579,2,0.7,1.3,1.6,0.8,0.5,1.9,1.0,0.5,0.0,0.1,0,0
968,3,1.0,1.0,1.2,0.5,0.2,1.0,0.9,1.4,0.6,0.5,1,1
580,2,1.3,1.7,1.4,0.7,0.6,1.6,1.0,1.3,0.4,0.4,0,1
219,1,1.8,2.0,1.3,0.7,0.7,1.0,1.5,2.1,0.5,0.9,1,1
969,3,0.9,0.6,1.0,0.4,0.1,1.2,1.4,1.5,0.6,0.6,0,0
581,2,1.6,1.3,1.4,0.6,0.6,1.1,1.0,1.3,0.5,0.4,1,0
582,2,1.3,0.9,1.7,0.4,0.5,1.0,1.2,1.7,0.7,0.5,0,0
970,3,1.3,1.4,1.2,0.6,0.3,2.1,1.7,1.0,0.7,0.5,1,1
223,1,0.2,0.6,2.6,0.5,0.6,2.0,2.5,1.3,0.5,0.8,1,1
224,1,1.2,1.4,1.4,0.8,0.5,1.0,0.8,1.1,0.2,0.3,0,0
221,1,0.7,1.2,2.3,0.5,0.9,2.2,2.2,0.9,0.7,0.5,0,0
220,1,2.2,2.0,0.9,0.6,0.6,2.5,1.8,0.9,0.4,0.5,0,1
222,1,2.2,2.9,1.4,0.7,0.7,0.7,0.7,2.0,0.3,0.5,1,1
583,2,2.4,1.8,0.7,0.3,0.4,1.5,2.0,1.3,0.6,0.7,1,0
971,3,2.5,1.7,0.6,0.4,0.4,1.6,1.5,1.0,0.7,0.4,1,1
584,2,1.4,1.3,1.4,0.5,0.3,0.9,0.9,1.5,0.6,0.4,1,0
225,1,1.5,2.2,1.2,0.6,0.7,1.8,2.1,1.3,0.7,0.7,1,1
972,3,0.6,1.2,1.9,0.8,0.6,1.8,2.0,1.5,0.6,0.8,1,0
585,2,0.7,0.6,1.8,0.4,0.5,2.2,2.6,1.3,0.5,0.9,0,1
973,3,1.4,1.2,1.0,0.5,0.4,1.1,1.2,1.9,0.7,0.7,1,1
586,2,1.3,1.2,1.3,0.7,0.4,1.6,1.7,1.4,0.5,0.7,1,1
226,1,0.5,1.8,2.2,0.7,0.7,0.4,0.8,2.5,0.5,0.7,1,1
227,1,1.9,1.5,1.1,0.6,0.4,1.1,1.8,1.7,0.6,0.7,1,1
974,3,1.0,1.0,1.6,0.7,0.6,1.4,1.9,1.3,0.5,0.5,1,1
587,2,1.6,0.9,0.6,0.0,0.1,1.1,0.7,0.9,0.3,0.1,0,1
228,1,1.7,1.4,1.5,0.6,0.8,1.1,1.2,2.4,0.7,0.6,1,0
975,3,1.2,1.1,1.6,0.7,0.5,2.6,2.7,0.5,0.4,0.6,0,1
588,2,2.2,1.4,0.7,0.7,0.4,1.4,1.3,1.7,0.4,0.5,0,0
229,1,1.5,1.7,1.3,0.8,0.6,1.0,1.4,1.9,0.5,0.7,0,0
976,3,1.7,1.3,1.4,0.4,0.5,1.4,1.2,1.2,0.5,0.5,1,1
589,2,1.2,1.9,1.3,0.7,0.7,1.0,1.2,1.3,0.7,0.4,1,1
977,3,0.7,0.9,1.5,0.6,0.5,0.7,0.8,2.3,0.4,0.6,1,0
978,3,1.4,1.0,0.9,0.5,0.4,0.5,1.0,1.7,0.9,0.7,0,0
590,2,1.0,1.1,1.4,0.6,0.5,1.1,1.2,1.5,0.5,0.6,1,0
979,3,0.8,1.2,2.1,0.7,0.7,1.1,1.0,1.9,0.6,0.6,1,1
591,2,1.2,1.0,1.7,0.4,0.4,1.3,1.3,1.4,0.8,0.5,0,0
230,1,2.2,1.7,1.4,0.4,0.6,1.1,1.3,1.4,0.7,0.5,0,1
592,2,1.3,0.9,0.8,0.2,0.2,1.2,1.2,1.5,0.6,0.3,0,0
980,3,1.0,1.0,1.6,0.7,0.6,0.8,0.9,1.4,0.6,0.4,1,1
981,3,0.5,1.0,1.8,0.9,0.7,0.8,0.8,2.1,0.4,0.5,0,0
232,1,2.2,2.1,0.7,0.5,0.6,2.2,3.0,1.3,0.7,0.7,0,0
234,1,0.7,0.8,2.3,0.4,0.6,0.1,0.6,2.8,0.5,0.7,1,1
233,1,1.2,0.9,1.1,0.2,0.3,0.7,0.9,2.2,0.5,0.7,0,1
231,1,2.2,2.7,1.3,0.5,0.9,1.4,1.6,1.3,0.7,0.6,1,1
593,2,1.3,1.9,1.3,0.6,0.6,0.7,0.5,1.9,0.3,0.5,1,1
982,3,2.1,1.7,1.0,0.7,0.5,1.2,0.8,0.8,0.4,0.1,1,0
235,1,0.7,1.0,2.0,0.4,0.8,1.8,1.5,1.3,0.7,0.7,0,0
594,2,2.5,1.9,0.7,0.4,0.4,1.2,0.9,1.8,0.4,0.5,0,0
983,3,1.6,1.8,1.4,0.6,0.7,1.2,1.4,1.3,0.6,0.4,0,0
595,2,1.0,1.0,1.4,0.7,0.4,2.5,2.9,0.9,0.5,0.9,0,0
984,3,1.3,1.4,1.2,0.8,0.5,0.6,1.2,1.9,0.8,0.6,1,1
596,2,1.2,2.2,1.4,0.8,0.7,1.1,1.2,1.4,0.7,0.5,0,0
985,3,1.4,1.3,1.3,0.6,0.6,1.6,1.1,0.8,0.4,0.4,1,1
236,1,1.0,1.1,1.9,0.5,0.6,1.8,1.5,1.2,0.6,0.5,0,0
237,1,1.1,1.6,1.7,0.6,0.7,0.4,1.8,2.3,0.7,0.8,0,0
597,2,0.9,1.2,1.9,0.7,0.5,1.2,1.3,1.3,0.6,0.5,1,1
238,1,2.2,1.8,0.7,0.6,0.4,1.8,2.5,1.1,0.7,0.8,1,1
986,3,1.6,1.2,0.9,0.5,0.4,2.6,3.0,0.5,0.4,0.7,1,0
598,2,0.9,0.9,1.4,0.6,0.4,1.6,0.9,0.7,0.0,0.2,1,1
987,3,1.7,1.9,1.1,0.5,0.5,2.7,1.8,0.6,0.4,0.5,1,0
599,2,1.0,1.2,1.7,0.7,0.5,2.2,1.4,0.7,0.7,0.4,1,1
988,3,1.1,1.1,1.4,0.5,0.5,1.4,1.3,1.6,0.5,0.6,1,1
600,2,1.6,1.8,1.5,0.6,0.8,1.4,1.3,1.5,0.7,0.6,1,1
239,1,1.5,1.9,1.6,0.8,0.7,1.2,1.1,2.0,0.7,0.5,1,1
989,3,1.4,1.2,1.3,0.6,0.6,2.6,3.0,0.5,0.4,0.7,0,1
990,3,1.2,1.4,1.3,0.6,0.4,1.5,1.8,1.3,0.9,0.6,1,1
601,2,1.6,1.3,1.1,0.7,0.4,0.7,0.6,2.3,0.4,0.6,0,0
602,2,0.9,1.3,1.5,0.7,0.6,1.0,1.3,1.8,0.7,0.6,1,1
991,3,1.1,0.9,1.6,0.4,0.4,1.9,1.5,1.0,0.7,0.4,0,1
603,2,2.2,1.5,0.8,0.7,0.5,1.6,1.6,1.3,0.6,0.8,0,1
992,3,0.5,1.2,2.2,0.8,0.7,1.6,1.3,1.0,0.6,0.4,0,0
604,2,1.4,1.4,1.5,0.8,0.7,1.3,2.1,1.4,0.7,0.6,1,1
993,3,1.2,0.8,0.8,0.4,0.1,1.5,1.0,0.8,0.4,0.4,1,0
605,2,2.2,2.5,1.0,0.5,0.8,2.5,1.9,0.7,0.4,0.4,1,0
994,3,0.8,1.1,1.6,0.7,0.5,1.8,2.0,1.1,0.6,0.5,0,0
606,2,0.8,1.1,1.5,0.7,0.5,1.4,0.9,0.7,0.2,0.2,0,0
995,3,1.4,1.2,1.7,0.6,0.6,0.4,0.9,1.8,0.8,0.7,1,1
996,3,1.0,1.0,1.4,0.5,0.5,0.8,1.2,2.1,0.7,0.7,1,1
607,2,0.9,1.0,1.8,0.7,0.5,1.2,0.7,1.4,0.3,0.3,0,0
997,3,1.1,1.2,2.0,0.7,0.7,1.9,2.0,1.1,0.6,0.6,0,0
608,2,1.3,0.8,0.9,0.1,0.3,1.3,1.0,1.1,0.6,0.3,1,1
998,3,2.5,1.8,0.7,0.5,0.5,1.2,1.2,1.7,0.7,0.7,1,0
609,2,1.3,1.2,1.3,0.6,0.3,1.2,2.0,1.3,0.7,0.6,1,1
999,3,2.3,2.5,0.8,0.4,0.7,1.4,1.3,1.3,0.6,0.7,1,1
610,2,1.2,0.9,1.9,0.4,0.5,0.9,1.0,1.5,0.7,0.5,1,0
240,1,1.5,1.3,0.7,0.2,0.3,2.2,3.0,1.3,0.7,0.7,1,1
1000,3,1.7,1.7,1.1,0.6,0.5,1.3,0.9,0.8,0.5,0.1,1,1
611,2,1.3,1.5,1.6,0.6,0.9,1.7,1.0,0.6,0.2,0.2,1,1
241,1,1.1,1.2,1.8,0.6,0.5,1.5,1.6,1.6,0.8,0.7,0,1
242,1,0.4,0.6,2.5,0.4,0.7,2.2,2.1,0.8,0.7,0.5,0,0
612,2,0.9,0.6,1.6,0.3,0.3,0.8,1.1,1.3,0.7,0.4,1,1
1001,3,1.9,1.8,1.0,0.7,0.5,1.0,1.1,1.5,0.6,0.6,0,0
244,1,0.4,0.7,2.4,0.5,0.7,1.9,2.0,0.9,0.5,0.6,1,1
247,1,1.5,1.2,1.4,0.6,0.6,0.7,0.9,2.4,0.5,0.7,1,0
246,1,1.5,2.3,1.6,0.8,0.8,2.1,2.5,1.2,0.5,0.9,0,1
245,1,1.2,1.1,1.9,0.7,0.5,1.1,1.5,1.6,0.5,0.6,0,0
243,1,1.4,1.5,1.3,0.7,0.6,2.5,2.4,1.1,0.4,0.6,1,1
613,2,1.0,1.1,1.2,0.8,0.4,2.0,2.3,1.1,0.6,0.7,1,0
1002,3,1.7,1.6,1.5,0.6,0.6,2.3,1.8,0.8,0.6,0.5,1,1
248,1,1.8,1.6,1.2,0.6,0.5,1.3,1.1,0.9,0.3,0.3,1,1
614,2,2.3,1.9,0.8,0.5,0.4,1.1,1.4,1.5,0.7,0.6,1,0
1003,3,1.6,1.2,1.0,0.6,0.3,1.1,0.9,2.0,0.4,0.5,0,0
615,2,1.5,2.1,1.3,0.7,0.6,1.2,1.1,1.6,0.6,0.4,1,0
1004,3,1.1,1.3,1.5,0.7,0.8,1.1,1.4,1.4,0.6,0.5,0,0
616,2,1.3,1.0,0.9,0.6,0.3,2.4,1.7,0.7,0.6,0.6,1,0
1005,3,1.3,1.3,1.6,0.8,0.7,0.5,1.2,2.1,0.8,0.6,0,1
1006,3,0.3,0.9,2.2,0.8,0.8,1.1,1.1,1.9,0.6,0.7,0,0
249,1,2.2,2.9,1.2,0.7,0.7,1.0,1.2,1.6,0.4,0.7,1,1
617,2,0.6,0.5,2.3,0.3,0.6,1.3,1.3,1.6,0.7,0.4,0,1
250,1,0.7,2.0,2.2,0.7,0.8,1.0,1.1,1.9,0.5,0.6,0,0
1007,3,0.5,1.0,2.2,0.7,0.7,2.1,2.1,0.9,0.6,0.5,0,0
618,2,1.3,1.0,1.9,0.5,0.5,1.1,1.2,1.6,0.8,0.7,1,1
1008,3,1.7,1.9,1.3,0.9,0.7,2.3,2.4,0.8,0.4,0.7,0,0
619,2,0.9,1.3,1.9,0.7,0.6,1.3,0.9,1.0,0.2,0.4,0,1
1009,3,1.3,0.9,0.9,0.5,0.4,0.8,1.1,1.4,0.7,0.4,0,0
620,2,1.5,2.4,1.3,0.8,0.7,1.9,1.4,1.0,0.7,0.4,0,0
251,1,1.3,1.2,1.5,0.7,0.6,2.4,2.9,1.1,0.7,0.7,1,1
1010,3,1.2,1.0,1.5,0.5,0.6,1.3,1.4,1.5,0.7,0.7,0,0
621,2,1.1,1.3,1.4,0.7,0.5,1.0,1.0,1.1,0.8,0.3,0,0
252,1,0.3,0.4,2.5,0.3,0.6,1.1,1.2,1.4,0.4,0.5,0,1
253,1,1.5,1.3,1.0,0.4,0.4,1.0,0.9,1.7,0.4,0.5,1,1
622,2,0.9,1.3,1.4,0.7,0.4,1.1,0.8,0.9,0.6,0.2,0,0
1012,3,0.5,0.9,2.0,0.6,0.6,1.9,1.8,1.1,0.6,0.5,0,0
1011,3,0.7,0.9,1.4,0.6,0.3,1.5,1.7,1.7,0.7,0.7,0,0
256,1,0.4,0.8,2.6,0.6,0.8,1.3,1.3,1.6,0.5,0.5,0,1
254,1,1.9,2.1,0.9,0.5,0.6,1.0,1.2,1.6,0.4,0.7,0,0
258,1,0.8,0.9,2.3,0.5,0.6,1.0,1.8,1.8,0.6,0.7,1,1
257,1,2.4,2.2,0.7,0.6,0.5,0.9,0.9,1.9,0.6,0.4,0,0
255,1,1.6,1.6,1.3,0.7,0.7,1.7,1.5,1.2,0.6,0.5,0,0
623,2,1.9,1.3,0.9,0.6,0.3,1.5,2.0,1.2,0.7,0.5,0,0
1013,3,1.2,1.1,1.1,0.6,0.2,1.9,1.2,0.8,0.5,0.2,1,1
624,2,1.3,1.2,1.6,0.7,0.4,2.1,1.8,0.8,0.5,0.3,0,1
259,1,1.4,1.3,1.5,0.7,0.6,1.2,1.2,1.6,0.7,0.7,1,1
1014,3,2.0,1.8,0.9,0.4,0.6,1.5,1.1,0.9,0.5,0.4,0,0
625,2,1.1,1.1,1.6,0.8,0.7,1.7,2.3,1.1,0.7,0.6,0,0
1015,3,1.3,1.4,1.2,0.5,0.4,2.4,2.0,0.9,0.7,0.6,1,1
626,2,2.2,1.7,0.8,0.7,0.6,0.6,0.5,2.5,0.3,0.7,1,1
1016,3,1.1,0.8,1.7,0.3,0.4,1.1,1.3,1.6,0.7,0.8,0,0
260,1,2.1,2.3,1.2,0.4,0.9,2.2,2.2,1.1,0.4,0.6,1,1
627,2,1.8,2.2,1.2,0.7,0.7,1.0,1.2,1.7,0.6,0.9,0,0
261,1,1.7,2.5,1.4,0.7,0.8,2.2,2.5,1.0,0.7,0.7,0,0
1017,3,0.2,0.8,2.3,0.7,0.6,1.7,1.6,0.9,0.6,0.4,0,1
628,2,1.7,1.0,0.7,0.3,0.3,1.2,1.4,1.5,0.6,0.6,1,1
1018,3,1.1,1.1,1.4,0.6,0.6,1.9,1.8,1.1,0.8,0.6,0,0
629,2,1.3,0.9,1.2,0.2,0.5,1.0,0.9,1.6,0.4,0.3,0,1
1019,3,2.1,1.8,0.8,0.5,0.4,0.4,0.8,2.0,0.7,0.7,0,1
630,2,1.3,1.6,1.6,0.7,0.5,1.3,1.0,1.8,0.5,0.5,1,0
262,1,1.3,1.2,1.4,0.3,0.6,1.5,1.4,1.3,0.6,0.6,1,1
264,1,1.7,1.4,1.1,0.5,0.4,1.4,1.3,1.5,0.7,0.6,1,1
263,1,1.6,1.6,1.3,0.4,0.5,1.8,2.0,0.9,0.4,0.6,1,1
265,1,0.9,1.1,1.7,0.7,0.7,0.4,0.8,2.5,0.6,0.8,0,1
267,1,1.0,1.7,1.9,0.7,0.7,1.7,2.4,1.4,0.6,0.7,0,0
269,1,1.9,2.3,1.4,0.4,0.6,2.3,2.2,0.8,0.6,0.5,0,0
266,1,0.8,0.9,1.8,0.4,0.5,0.5,0.8,2.6,0.5,0.6,1,1
268,1,1.4,1.5,1.2,0.3,0.5,1.5,1.5,1.2,0.5,0.5,1,0
270,1,2.2,2.4,0.9,0.6,0.6,2.1,2.3,1.5,0.5,0.9,0,0
1020,3,1.6,1.7,1.3,0.6,0.5,1.8,1.3,1.0,0.6,0.3,1,1
271,1,1.1,0.9,1.8,0.5,0.4,0.3,0.4,2.5,0.3,0.6,0,0
1021,3,1.1,1.2,1.5,0.6,0.7,0.9,0.8,1.5,0.4,0.5,0,0
631,2,0.6,0.6,2.7,0.4,0.7,0.8,0.9,1.7,0.7,0.6,1,0
632,2,0.9,1.0,1.7,0.5,0.8,1.4,1.3,1.1,0.6,0.4,1,1
1022,3,1.7,2.0,0.9,0.6,0.5,0.7,0.7,1.2,0.5,0.2,0,0
633,2,1.6,1.2,1.0,0.6,0.3,1.3,1.6,1.6,0.7,0.5,1,0
1023,3,2.1,1.8,1.0,0.7,0.6,2.0,1.7,0.9,0.4,0.6,1,0
634,2,1.5,1.6,1.4,0.7,0.7,2.1,2.3,1.0,0.6,0.6,1,1
1024,3,1.6,1.4,1.2,0.6,0.6,0.8,0.9,1.7,0.5,0.5,0,0
635,2,2.1,1.6,0.8,0.5,0.3,2.2,2.2,0.8,0.7,0.6,0,0
1025,3,0.4,0.7,2.2,0.6,0.7,1.2,1.2,1.2,0.7,0.3,0,0
636,2,0.9,0.8,1.8,0.3,0.4,1.7,1.1,0.7,0.4,0.4,0,0
1027,3,1.6,1.7,1.4,0.7,0.6,1.1,1.1,1.4,0.6,0.6,1,1
1026,3,1.4,1.1,1.0,0.5,0.4,0.2,0.8,2.7,0.7,0.7,1,0
637,2,2.0,2.4,0.9,0.6,0.5,1.3,1.0,1.2,0.2,0.6,0,1
1028,3,2.4,2.2,0.6,0.5,0.5,1.3,1.4,1.3,0.6,0.5,1,1
638,2,1.1,0.9,1.8,0.5,0.4,0.8,1.2,1.4,0.6,0.4,1,0
1029,3,1.5,1.3,1.2,0.7,0.4,1.6,1.7,1.1,0.7,0.6,1,1
639,2,0.9,0.9,1.1,0.7,0.3,1.3,1.2,1.8,0.7,0.5,1,1
1030,3,2.1,1.7,0.9,0.7,0.5,1.1,0.6,1.5,0.2,0.3,0,0
1031,3,1.1,1.1,1.4,0.6,0.6,1.5,1.1,0.9,0.5,0.3,1,0
272,1,1.7,2.1,1.4,0.4,0.6,2.0,2.4,1.2,0.5,0.6,0,0
640,2,1.2,1.3,1.3,0.7,0.5,1.2,0.9,1.5,0.3,0.3,1,1
1033,3,1.3,1.5,1.3,0.7,0.6,0.5,0.5,1.1,0.4,0.1,1,0
1032,3,0.8,0.9,1.3,0.5,0.4,1.5,1.4,1.0,0.7,0.3,1,1
275,1,2.0,1.7,0.7,0.5,0.4,0.5,1.0,2.5,0.6,0.6,0,0
274,1,1.8,1.7,1.3,0.4,0.6,1.7,1.6,1.4,0.7,0.7,1,1
273,1,2.2,2.1,0.9,0.6,0.5,0.3,0.8,2.9,0.6,0.9,1,1
641,2,0.8,1.1,1.3,0.6,0.3,1.8,2.1,1.0,0.7,0.5,0,0
1034,3,0.9,0.7,1.4,0.3,0.4,1.4,1.3,1.3,0.7,0.5,1,1
642,2,1.3,1.4,2.0,0.7,0.6,0.7,0.6,2.6,0.4,0.6,1,1
276,1,1.5,1.6,1.1,0.4,0.5,1.4,1.4,1.6,0.8,0.6,0,0
1035,3,1.8,1.5,1.0,0.5,0.5,0.4,0.6,2.2,0.5,0.6,1,1
277,1,1.0,1.0,1.6,0.4,0.6,1.5,1.5,1.2,0.5,0.5,1,0
1036,3,1.1,0.6,1.6,0.2,0.3,1.9,1.7,1.2,0.7,0.6,1,1
643,2,1.4,1.0,0.8,0.4,0.4,2.1,1.3,0.5,0.4,0.2,1,1
279,1,1.1,1.5,1.7,0.7,0.8,0.3,0.4,2.4,0.3,0.5,0,0
1037,3,1.9,1.7,1.0,0.7,0.5,1.3,1.1,1.3,0.5,0.6,1,1
278,1,1.0,1.4,1.4,0.6,0.6,1.5,1.8,1.1,0.5,0.6,1,1
644,2,1.8,2.1,1.2,0.7,0.6,1.6,1.0,0.8,0.6,0.2,1,1
280,1,1.1,1.2,1.7,0.5,0.5,2.1,1.7,0.7,0.5,0.4,1,0
1038,3,0.3,0.7,2.5,0.7,0.6,2.4,1.9,0.7,0.6,0.5,0,0
645,2,1.9,2.0,0.8,0.6,0.5,1.2,0.9,1.4,0.5,0.3,1,0
646,2,1.7,1.6,1.3,0.7,0.7,0.6,0.8,1.7,0.7,0.5,0,0
1039,3,2.1,1.7,0.8,0.6,0.4,1.5,1.7,0.7,0.5,0.4,0,1
647,2,1.0,0.7,1.6,0.2,0.6,1.4,1.4,1.3,0.7,0.4,0,0
1040,3,1.6,1.7,1.1,0.7,0.6,1.6,1.3,1.1,0.5,0.5,1,0
648,2,1.4,0.9,0.8,0.6,0.2,1.0,1.2,1.6,0.6,0.8,1,0
281,1,1.3,1.0,1.7,0.4,0.4,1.8,1.9,1.7,0.5,0.8,0,0
1041,3,1.3,1.0,0.9,0.5,0.2,0.9,0.9,1.5,0.4,0.5,1,1
649,2,0.5,0.8,1.8,0.7,0.5,1.0,1.1,1.2,0.5,0.3,1,1
650,2,0.4,0.6,2.8,0.5,0.7,1.5,1.5,1.3,0.8,0.6,0,0
1042,3,1.6,1.2,1.0,0.5,0.4,0.8,0.4,1.6,0.2,0.3,0,0
1043,3,0.4,0.7,2.3,0.5,0.6,0.6,0.9,1.4,0.5,0.4,1,0
283,1,1.6,1.6,1.1,0.6,0.5,1.0,0.9,1.8,0.4,0.4,1,0
285,1,0.5,1.0,2.5,0.6,0.6,1.7,2.1,1.4,0.4,0.6,1,1
282,1,0.3,0.9,3.1,0.7,1.0,0.8,0.9,1.7,0.5,0.6,1,1
284,1,1.9,2.3,1.2,0.4,0.6,2.0,1.9,1.4,0.5,0.7,1,1
651,2,1.3,1.0,1.3,0.6,0.3,1.4,1.0,0.9,0.7,0.2,1,1
1044,3,1.6,1.5,1.4,0.7,0.6,1.1,1.4,1.4,0.8,0.6,1,1
286,1,1.5,2.0,1.3,0.6,0.7,1.4,1.6,1.2,0.4,0.5,1,1
652,2,1.8,2.0,0.9,0.6,0.4,2.0,2.0,1.0,0.7,0.6,1,1
1045,3,1.5,1.4,1.0,0.7,0.3,0.3,0.6,2.4,0.6,0.5,0,0
653,2,1.1,1.2,1.5,0.6,0.7,1.5,1.4,1.9,0.7,0.6,1,0
1046,3,0.6,0.6,1.1,0.5,0.1,1.9,1.8,1.1,0.8,0.6,0,0
654,2,0.9,0.9,1.7,0.4,0.4,1.7,1.5,1.2,0.6,0.6,1,1
288,1,1.9,1.7,0.8,0.6,0.4,1.4,1.5,1.5,0.6,0.7,0,0
287,1,1.4,1.5,1.5,0.7,0.7,1.1,1.6,1.5,0.7,0.7,0,0
1047,3,2.1,1.7,1.1,0.7,0.6,1.6,1.7,1.1,0.7,0.6,0,1
1048,3,2.6,1.9,0.6,0.5,0.5,1.2,1.2,1.2,0.7,0.5,0,0
655,2,1.4,1.4,1.3,0.7,0.4,1.7,1.9,0.9,0.7,0.5,0,0
1049,3,1.3,1.2,1.2,0.6,0.6,2.0,1.5,1.0,0.5,0.4,0,1
656,2,0.9,1.0,1.2,0.7,0.3,1.7,1.2,0.8,0.5,0.5,1,1
657,2,1.5,1.0,0.9,0.6,0.3,0.9,0.7,1.7,0.2,0.6,1,1
289,1,0.3,0.3,2.2,0.2,0.4,1.2,1.3,1.6,0.6,0.5,0,1
1050,3,1.7,2.0,0.6,0.4,0.5,1.8,1.7,1.2,0.6,0.6,0,0
658,2,1.8,1.3,0.7,0.5,0.3,2.0,2.3,0.8,0.5,0.5,1,1
659,2,2.2,2.5,0.8,0.5,0.5,0.8,1.1,1.4,0.8,0.4,0,1
660,2,1.0,0.9,1.7,0.3,0.7,0.4,0.6,2.6,0.5,0.6,1,1
1051,3,0.6,0.5,1.0,0.4,0.1,2.3,2.0,0.9,0.6,0.6,0,0
1052,3,1.0,1.4,1.5,0.8,0.7,0.2,0.5,2.4,0.5,0.5,1,0
661,2,1.3,1.0,1.0,0.7,0.3,1.5,1.3,1.0,0.5,0.3,1,0
1053,3,1.9,1.4,1.2,0.4,0.5,1.5,1.2,1.0,0.6,0.3,0,0
662,2,1.0,1.1,1.2,0.5,0.3,1.5,1.1,1.0,0.6,0.4,0,0
1054,3,0.8,1.0,1.7,0.5,0.6,2.6,1.8,0.6,0.5,0.5,0,0
663,2,2.0,1.8,0.9,0.7,0.6,0.9,0.9,1.5,0.4,0.4,1,1
1055,3,0.9,1.0,1.2,0.6,0.4,0.5,0.7,2.2,0.5,0.5,0,1
664,2,2.0,1.4,0.8,0.6,0.6,1.7,2.0,1.0,0.6,0.5,1,1
1056,3,1.6,1.4,1.0,0.5,0.6,1.6,2.0,0.8,0.4,0.5,0,0
665,2,2.5,2.8,0.7,0.5,0.6,0.9,1.0,1.6,0.7,0.6,1,1
1057,3,2.0,1.7,1.0,0.5,0.5,1.5,1.2,1.1,0.5,0.4,1,1
666,2,1.9,1.9,0.8,0.6,0.5,0.8,1.0,1.5,0.7,0.4,0,0
667,2,1.6,1.4,1.8,0.7,0.5,1.3,1.0,1.3,0.6,0.3,0,0
1058,3,1.7,1.5,1.1,0.8,0.5,1.6,1.5,1.4,0.7,0.6,1,1
668,2,1.9,1.7,1.3,0.6,0.7,1.4,1.2,1.0,0.6,0.3,1,1
1059,3,1.0,0.5,1.6,0.2,0.3,0.6,1.0,1.5,0.6,0.4,0,0
1060,3,1.6,1.7,1.4,0.7,0.7,1.7,1.5,1.0,0.7,0.3,1,0
669,2,1.5,1.4,1.3,0.8,0.6,0.3,0.9,2.0,0.8,0.6,1,0
291,1,1.9,1.5,0.7,0.5,0.3,1.6,1.5,1.3,0.6,0.6,1,1
290,1,1.0,0.9,1.6,0.5,0.6,1.1,1.0,1.4,0.5,0.3,0,0
292,1,1.7,2.3,1.6,0.5,0.7,1.5,1.6,1.4,0.6,0.6,0,0
293,1,1.8,1.7,1.7,0.5,0.7,1.7,1.7,1.0,0.4,0.5,1,1
296,1,1.7,2.3,1.4,0.5,0.7,0.3,0.3,2.3,0.2,0.5,0,0
297,1,2.0,1.9,1.4,0.5,0.7,1.6,1.3,1.4,0.7,0.5,0,1
294,1,1.4,1.9,1.3,0.6,0.7,0.2,1.0,2.9,0.7,0.7,1,1
295,1,0.3,0.9,3.1,0.7,1.0,2.2,1.8,0.7,0.5,0.4,1,0
298,1,2.4,2.2,0.8,0.6,0.5,1.7,1.7,1.1,0.7,0.5,0,0
299,1,1.4,1.5,1.4,0.6,0.7,1.0,1.4,1.5,0.6,0.6,0,0
1061,3,1.2,1.1,1.1,0.6,0.3,1.4,1.3,1.3,0.6,0.5,0,0
670,2,1.5,1.1,0.9,0.5,0.3,1.4,1.1,1.0,0.8,0.3,0,1
300,1,1.7,1.7,1.1,0.7,0.5,2.1,1.6,0.7,0.5,0.4,1,0
671,2,0.6,1.0,2.0,0.8,0.7,1.0,1.1,1.3,0.5,0.3,0,0
1062,3,0.2,0.5,2.4,0.4,0.5,1.1,1.4,1.4,0.8,0.6,1,1
301,1,1.1,0.9,1.1,0.4,0.2,1.1,1.9,1.5,0.7,0.8,1,1
302,1,2.0,1.7,0.7,0.5,0.3,1.9,1.8,1.6,0.4,0.8,1,1
303,1,0.4,1.0,2.8,0.7,0.7,1.3,1.0,1.3,0.5,0.5,1,1
672,2,2.0,1.9,1.0,0.7,0.6,1.8,1.4,1.7,0.6,0.5,1,1
1063,3,0.7,1.0,1.4,0.6,0.4,2.0,1.6,1.0,0.5,0.5,1,1
673,2,1.0,0.9,1.4,0.6,0.3,1.6,1.4,1.2,0.8,0.5,1,1
304,1,1.6,1.4,1.3,0.6,0.5,1.7,2.1,1.6,0.5,0.6,1,1
1064,3,1.6,1.6,1.4,0.8,0.7,1.8,1.4,0.9,0.4,0.6,1,1
674,2,2.8,3.1,0.6,0.5,0.6,2.2,1.9,1.3,0.7,0.8,1,0
1065,3,0.5,0.7,1.7,0.4,0.5,0.6,0.5,1.0,0.4,0.1,1,0
675,2,0.4,0.9,1.9,0.8,0.5,1.0,1.0,1.8,0.4,0.8,1,1
306,1,1.0,1.3,1.4,0.5,0.5,0.4,1.0,2.7,0.8,0.9,1,1
305,1,1.5,1.4,1.3,0.6,0.6,2.6,2.2,0.7,0.5,0.5,1,1
307,1,1.4,1.3,1.2,0.5,0.5,1.6,1.5,1.3,0.5,0.7,0,0
1067,3,0.3,0.5,2.2,0.5,0.4,1.1,1.2,1.1,0.5,0.5,0,0
1066,3,1.7,1.5,1.0,0.7,0.3,1.1,0.5,1.4,0.2,0.3,1,0
676,2,1.3,1.2,1.1,0.6,0.4,1.3,1.3,1.1,0.6,0.3,1,1
308,1,1.4,1.4,1.3,0.5,0.5,1.7,2.1,1.3,0.4,0.6,0,0
1068,3,1.5,1.9,0.8,0.3,0.5,1.6,1.7,1.4,0.7,0.7,0,0
677,2,0.1,0.6,2.8,0.6,0.7,1.7,1.3,0.9,0.6,0.6,0,1
1069,3,2.8,1.7,0.4,0.4,0.4,2.1,1.4,1.1,0.3,0.5,1,0
678,2,1.7,1.7,0.9,0.6,0.5,1.7,1.7,0.7,0.5,0.4,0,0
1070,3,2.3,1.8,0.8,0.5,0.5,1.7,1.5,1.2,0.9,0.6,1,0
309,1,0.3,0.2,2.3,0.1,0.4,1.8,1.7,1.8,0.6,0.8,0,1
679,2,0.8,1.0,1.7,0.4,0.5,0.9,1.0,1.4,0.7,0.4,1,0
1071,3,1.4,1.2,1.0,0.5,0.4,1.4,1.5,1.4,0.8,0.7,0,1
680,2,1.8,1.5,1.8,0.7,0.6,1.0,1.1,1.2,0.6,0.4,0,0
310,1,1.7,1.9,1.1,0.3,0.5,2.2,1.8,0.7,0.5,0.4,1,1
681,2,1.3,1.3,1.8,0.5,0.9,1.0,1.0,1.2,0.7,0.3,0,0
1072,3,0.6,0.5,1.0,0.4,0.1,0.2,0.5,2.4,0.4,0.5,0,0
313,1,1.6,2.1,1.7,0.5,0.7,1.5,1.5,1.0,0.7,0.4,0,0
312,1,1.6,1.7,1.8,0.5,0.9,0.3,0.2,2.4,0.1,0.5,1,1
311,1,0.4,1.0,2.7,0.8,0.9,1.6,1.5,1.4,0.7,0.6,0,1
682,2,1.9,1.6,0.8,0.5,0.7,0.4,0.9,1.8,0.8,0.5,1,1
1073,3,1.8,1.4,1.2,0.6,0.5,0.9,0.8,1.0,0.4,0.4,1,1
314,1,1.9,1.5,0.7,0.5,0.3,1.4,1.1,1.0,0.4,0.4,1,0
683,2,1.9,1.5,1.1,0.8,0.5,1.6,1.4,0.9,0.7,0.4,0,0
1074,3,1.9,1.3,1.2,0.4,0.5,0.6,0.7,1.4,0.4,0.4,1,1
684,2,0.6,1.0,1.8,0.5,0.5,2.8,3.1,0.6,0.5,0.6,0,0
1075,3,1.5,1.7,0.6,0.2,0.4,2.3,1.8,0.8,0.5,0.5,0,0
685,2,0.9,1.0,1.4,0.7,0.4,0.6,0.9,1.9,0.7,0.6,1,1
1077,3,1.2,0.6,1.2,0.3,0.2,1.5,1.1,0.8,0.5,0.2,0,0
317,1,1.6,1.3,1.1,0.4,0.6,0.4,1.1,2.8,0.8,0.8,1,1
1076,3,1.6,1.4,1.0,0.4,0.6,0.7,1.1,1.5,0.6,0.5,0,0
316,1,2.3,2.2,1.0,0.6,0.6,0.9,0.8,1.1,0.4,0.2,1,1
315,1,1.6,1.2,1.1,0.6,0.5,1.3,1.5,1.3,0.5,0.5,1,1
686,2,1.0,0.9,1.2,0.4,0.2,1.7,1.6,1.1,0.7,0.6,0,0
318,1,1.8,1.8,1.7,0.5,0.8,1.2,1.1,1.2,0.4,0.4,1,1
687,2,2.3,1.9,1.1,0.7,0.7,1.8,1.7,0.8,0.6,0.5,1,1
688,2,1.5,1.5,0.6,0.4,0.3,1.4,1.0,1.2,0.4,0.4,1,1
319,1,1.1,1.9,1.5,0.7,0.8,1.8,1.5,1.2,0.6,0.6,0,0
689,2,1.6,1.5,1.1,0.7,0.4,0.1,0.5,3.0,0.5,0.7,1,1
320,1,1.8,1.9,1.8,0.6,0.8,1.9,1.8,1.2,0.6,0.5,0,1
690,2,1.6,1.4,0.8,0.6,0.3,1.6,1.4,1.1,0.6,0.7,0,0
691,2,1.1,0.9,1.4,0.4,0.4,2.1,1.5,1.1,0.6,0.5,1,0
323,1,1.6,1.6,1.7,0.6,0.6,1.1,1.6,1.4,0.6,0.7,0,0
321,1,1.5,1.5,1.0,0.7,0.4,1.7,1.8,1.3,0.4,0.5,0,0
322,1,0.9,0.9,1.1,0.5,0.3,0.4,0.8,2.7,0.7,0.9,1,0
324,1,1.5,1.2,0.9,0.5,0.4,1.4,1.6,1.9,0.5,0.9,1,1
692,2,2.8,2.5,0.5,0.4,0.5,1.8,1.4,1.2,0.7,0.5,1,1
325,1,1.8,1.6,1.2,0.6,0.6,2.1,2.3,1.4,0.5,0.8,1,1
693,2,1.3,1.2,1.1,0.7,0.3,0.5,1.0,1.9,0.5,0.5,0,0
694,2,0.6,1.1,1.8,0.8,0.6,1.8,1.8,1.2,0.7,0.5,0,0
695,2,0.1,0.7,3.1,0.6,0.7,1.1,1.1,1.4,0.7,0.5,1,1
327,1,1.5,1.3,1.3,0.6,0.6,1.4,1.2,1.2,0.4,0.6,1,1
326,1,1.2,1.1,1.3,0.4,0.4,1.9,1.5,1.0,0.6,0.5,0,0
328,1,0.5,1.3,2.4,0.9,0.8,1.9,1.4,0.6,0.5,0.2,0,1
696,2,1.8,1.5,0.9,0.7,0.5,1.3,1.3,1.7,0.5,0.8,1,1
329,1,0.4,0.4,2.4,0.2,0.6,2.3,2.0,1.0,0.6,0.6,0,0
697,2,0.9,1.0,1.2,0.5,0.4,0.9,0.8,1.2,0.3,0.2,1,0
698,2,1.7,1.4,1.1,0.7,0.5,1.7,1.8,0.7,0.5,0.4,0,0
330,1,1.3,1.5,1.4,0.5,0.5,1.3,1.8,1.6,0.4,0.6,1,1
699,2,0.6,0.9,1.9,0.7,0.6,2.0,1.9,1.3,0.8,0.8,1,1
700,2,1.9,1.4,1.1,0.6,0.4,1.8,1.4,0.7,0.5,0.3,1,0
331,1,1.7,1.7,1.2,0.3,0.4,2.0,1.9,1.2,0.6,0.7,1,1
701,2,2.8,2.8,0.8,0.5,0.6,1.4,1.2,0.9,0.7,0.3,0,0
703,2,1.8,1.6,1.4,0.7,0.5,1.8,1.6,1.0,0.7,0.6,0,1
702,2,1.6,1.6,0.6,0.4,0.3,0.9,1.1,1.6,0.7,0.5,0,0
332,1,1.9,1.7,0.6,0.5,0.3,1.7,1.5,1.5,0.5,0.5,1,1
705,2,1.5,1.4,1.2,0.6,0.7,2.0,1.5,1.0,0.7,0.5,0,0
704,2,1.0,0.9,1.2,0.4,0.2,1.4,1.4,1.7,0.5,0.8,0,0
707,2,1.1,1.2,1.5,0.7,0.5,0.9,1.1,1.3,0.6,0.4,0,0
706,2,0.6,1.0,1.8,0.5,0.5,0.3,0.8,2.1,0.7,0.6,1,0
708,2,1.5,1.6,1.3,0.7,0.5,0.9,0.9,1.5,0.5,0.4,0,1
709,2,2.2,2.0,1.2,0.8,0.8,0.1,0.8,2.9,0.6,0.7,1,1
333,1,1.7,1.3,1.0,0.4,0.6,1.2,1.1,1.2,0.7,0.3,0,0
336,1,0.5,0.8,2.5,0.7,0.8,1.5,1.4,1.4,0.7,0.7,1,1
334,1,1.8,2.1,1.7,0.5,0.8,0.5,1.2,2.4,0.8,0.8,0,1
337,1,1.4,1.8,2.2,0.6,1.0,0.9,0.9,1.1,0.5,0.3,1,1
335,1,2.2,1.6,0.9,0.6,0.5,0.1,0.2,2.4,0.1,0.5,0,1
338,1,0.9,1.1,1.4,0.6,0.6,0.9,1.0,1.4,0.4,0.4,1,0
710,2,1.5,1.1,1.2,0.6,0.6,1.6,1.4,0.8,0.6,0.3,0,0
339,1,2.3,1.9,1.0,0.6,0.6,1.3,1.5,1.4,0.5,0.5,1,1
340,1,1.6,2.0,1.2,0.5,0.6,1.5,1.4,1.0,0.5,0.4,0,0
711,2,0.6,0.8,1.8,0.5,0.5,1.2,1.3,1.3,0.6,0.7,0,0
341,1,2.0,1.8,0.8,0.3,0.4,2.2,1.7,0.9,0.6,0.6,0,0
342,1,2.0,2.0,1.2,0.7,0.8,1.5,1.4,1.4,0.7,0.7,0,0
712,2,1.3,1.0,1.1,0.4,0.2,1.7,1.8,1.2,0.6,0.6,0,0
344,1,0.1,0.2,2.3,0.1,0.5,0.2,0.7,2.6,0.7,0.8,0,0
343,1,1.1,0.9,1.1,0.6,0.2,0.5,1.1,2.5,0.7,0.8,1,1
713,2,1.5,1.0,1.1,0.5,0.5,1.3,1.2,1.4,0.6,0.5,1,1
345,1,1.7,1.4,0.7,0.5,0.3,1.0,1.2,1.3,0.7,0.6,1,1
714,2,0.9,1.0,1.5,0.6,0.4,1.7,1.3,1.2,0.7,0.4,1,1
715,2,0.1,0.9,3.3,0.7,0.8,2.8,2.5,0.7,0.4,0.5,1,1
716,2,2.2,1.5,0.9,0.6,0.5,1.8,1.6,1.2,0.6,0.5,1,1
348,1,1.8,1.6,0.8,0.5,0.4,1.0,1.1,1.3,0.5,0.4,1,1
346,1,0.9,1.0,1.2,0.5,0.3,1.0,1.4,1.9,0.6,0.6,1,0
347,1,1.7,2.1,1.7,0.7,1.0,2.1,2.3,1.5,0.4,0.8,1,0
717,2,0.9,1.0,1.0,0.5,0.3,0.7,1.1,1.7,0.6,0.5,1,1
349,1,1.7,1.2,0.9,0.3,0.5,2.5,2.2,0.9,0.6,0.6,1,1
718,2,1.6,1.3,0.7,0.5,0.2,2.5,2.3,1.0,0.8,0.8,1,1
719,2,1.1,1.2,1.7,0.4,0.7,1.6,1.4,0.6,0.4,0.2,0,0
720,2,0.4,0.9,1.9,0.8,0.5,1.3,1.1,0.9,0.6,0.3,0,0
350,1,1.5,1.5,1.7,0.6,0.6,1.3,1.3,1.4,0.5,0.5,1,0
721,2,0.9,1.1,1.5,0.6,0.4,0.9,0.9,1.7,0.5,0.5,0,0
722,2,1.9,1.5,1.3,0.7,0.5,0.9,1.1,1.3,0.5,0.6,0,1
351,1,1.2,1.2,1.4,0.6,0.6,0.9,0.9,1.2,0.6,0.2,1,1
354,1,0.5,1.2,2.6,0.7,0.9,1.8,1.9,1.1,0.6,0.5,0,0
353,1,0.2,0.6,2.5,0.6,0.7,2.0,1.5,0.8,0.3,0.3,0,0
352,1,2.2,1.6,0.8,0.5,0.5,1.5,1.9,1.8,0.8,0.9,0,0
723,2,1.7,1.7,1.4,0.6,0.6,0.7,0.8,1.2,0.6,0.3,1,1
355,1,1.0,1.1,1.3,0.7,0.6,2.2,2.0,1.1,0.6,0.8,0,0
724,2,0.7,0.9,1.7,0.7,0.4,1.7,1.3,1.2,0.5,0.6,0,0
725,2,1.0,0.8,0.9,0.5,0.2,0.1,1.0,3.1,0.8,0.8,1,1
726,2,1.7,1.7,1.1,0.5,0.6,1.2,1.2,1.4,0.4,0.6,0,1
356,1,2.2,2.4,1.2,0.5,0.7,2.0,1.5,0.7,0.4,0.5,0,0
727,2,0.7,1.0,1.6,0.6,0.5,1.5,1.3,0.8,0.5,0.3,1,1
358,1,0.8,1.4,2.0,0.7,0.6,1.6,1.5,1.6,0.6,0.5,0,0
359,1,1.4,1.3,1.3,0.5,0.4,0.4,0.4,2.1,0.1,0.5,1,1
357,1,1.0,1.4,1.6,0.6,0.5,1.0,1.1,1.2,0.6,0.3,0,0
728,2,2.8,2.6,0.8,0.5,0.6,2.4,1.7,1.0,0.6,0.6,1,1
360,1,2.2,2.1,1.1,0.6,0.6,1.4,1.3,0.9,0.6,0.4,1,1
729,2,1.6,1.3,0.5,0.3,0.2,1.3,0.7,0.8,0.3,0.1,0,0
730,2,2.5,2.2,1.1,0.9,0.8,1.2,1.3,1.7,0.6,0.6,1,0
731,2,0.1,1.0,2.6,0.8,0.8,0.7,0.9,1.6,0.7,0.4,0,0
732,2,0.9,0.9,1.8,0.4,0.6,1.7,1.9,1.6,0.7,0.7,0,0
733,2,0.6,0.9,1.4,0.6,0.4,0.9,1.1,1.4,0.6,0.4,0,0
734,2,1.7,1.3,1.2,0.5,0.6,1.0,1.3,1.5,0.7,0.5,0,1
735,2,1.3,0.7,0.8,0.3,0.1,2.2,1.8,1.0,0.7,0.5,0,0
736,2,2.1,1.8,1.4,0.7,0.7,1.2,0.9,0.9,0.5,0.3,1,1
738,2,1.2,1.0,1.6,0.5,0.5,2.3,2.1,1.1,0.9,0.7,1,1
737,2,1.3,1.4,1.7,0.7,0.6,1.7,1.8,1.1,0.5,0.6,0,0
739,2,1.2,1.4,1.1,0.6,0.4,2.8,2.8,1.1,0.6,0.7,0,0
740,2,0.9,1.0,1.4,0.4,0.6,1.6,0.7,0.4,0.2,0.1,0,0
361,1,2.4,1.9,0.9,0.5,0.7,0.5,1.0,2.1,0.6,0.5,0,0
362,1,2.0,1.4,0.7,0.3,0.4,0.9,1.2,1.6,0.5,0.4,0,0
363,1,1.1,1.0,1.1,0.6,0.2,0.3,0.6,2.1,0.6,0.6,0,0
364,1,1.0,1.2,1.2,0.6,0.3,1.5,1.2,1.1,0.5,0.4,1,1
366,1,1.8,1.6,1.1,0.6,0.4,1.2,1.3,1.5,0.7,0.7,1,1
365,1,0.5,0.6,1.9,0.2,0.5,0.5,1.1,2.3,0.6,0.8,0,0
367,1,1.5,1.5,1.0,0.7,0.5,2.2,2.2,0.9,0.4,0.6,0,0
748,2,0.0,0.9,2.6,0.7,0.8,1.5,0.7,0.7,0.2,0.1,0,0
743,2,2.1,1.5,0.8,0.6,0.4,1.9,0.9,0.3,0.2,0.1,0,0
741,2,2.8,2.6,1.1,0.6,0.6,2.0,1.6,1.1,0.5,0.7,1,1
744,2,0.8,1.0,1.4,0.5,0.4,0.7,1.2,1.8,0.7,0.6,0,0
745,2,0.8,0.9,1.3,0.5,0.4,2.4,1.9,1.3,0.7,0.7,0,0
746,2,1.9,1.8,1.4,0.6,0.6,1.2,1.1,1.7,0.5,0.6,1,1
747,2,0.9,0.9,1.5,0.4,0.5,0.9,0.8,1.4,0.6,0.3,1,1
742,2,1.4,1.7,1.3,0.5,0.6,2.1,2.1,1.2,0.9,0.7,1,1
749,2,1.5,1.3,1.4,0.6,0.5,1.1,1.3,1.2,0.5,0.4,0,0
750,2,1.1,0.9,1.0,0.5,0.4,0.9,1.0,1.5,0.4,0.6,1,1
368,1,1.5,1.7,1.8,0.8,0.8,2.2,2.1,1.1,0.6,0.6,1,1
370,1,1.6,1.5,1.6,0.6,0.5,1.9,1.5,1.0,0.5,0.5,1,1
369,1,2.1,1.5,0.6,0.3,0.3,1.0,1.1,1.3,0.7,0.6,1,1
751,2,1.8,2.1,1.6,1.0,0.8,1.8,1.3,0.8,0.5,0.3,1,0
752,2,2.4,1.9,1.2,0.6,0.6,1.2,1.2,1.6,0.5,0.6,0,0
753,2,1.0,1.2,1.6,0.6,0.5,0.0,0.8,2.5,0.6,0.7,0,1
754,2,1.1,1.2,1.2,0.4,0.3,0.8,1.0,1.4,0.5,0.4,0,0
755,2,1.5,0.7,0.7,0.2,0.1,1.8,1.4,1.2,0.5,0.4,1,0
756,2,0.9,1.0,1.5,0.4,0.6,1.6,1.7,1.5,0.6,0.6,1,1
757,2,1.5,1.2,1.6,0.5,0.6,1.0,0.9,1.1,0.5,0.5,0,0
758,2,0.8,0.9,1.6,0.6,0.4,1.7,2.0,1.2,0.5,0.6,0,1
759,2,2.3,1.8,1.1,0.5,0.7,0.5,0.8,1.5,0.5,0.4,1,1
371,1,0.6,0.9,1.5,0.4,0.3,2.4,1.9,0.8,0.4,0.6,0,0
373,1,1.0,1.1,1.4,0.7,0.6,0.8,0.8,1.7,0.2,0.5,0,0
380,1,1.7,1.4,1.2,0.6,0.5,2.0,1.1,0.7,0.3,0.3,0,0
379,1,0.5,0.9,2.2,0.5,0.7,0.7,1.1,1.4,0.7,0.4,1,1
372,1,2.2,2.2,0.8,0.4,0.6,1.3,1.1,1.0,0.5,0.2,0,0
377,1,0.3,0.6,1.9,0.6,0.5,1.7,1.6,1.0,0.7,0.5,1,1
376,1,1.9,2.1,1.4,0.7,0.7,1.6,1.5,1.7,0.6,0.5,1,0
375,1,1.9,1.6,1.2,0.5,0.5,1.7,1.7,1.3,0.6,0.5,1,0
374,1,1.2,1.4,1.6,0.7,0.7,2.1,1.7,0.7,0.4,0.4,0,0
378,1,0.5,1.0,2.2,0.6,0.5,1.5,1.8,1.9,0.8,0.8,1,1
760,2,2.1,0.9,0.2,0.1,0.1,2.5,2.4,1.2,0.6,0.6,0,1
